observationID,deploymentID,mediaID,eventID,eventStart,eventEnd,observationLevel,observationType,cameraSetupType,scientificName,count,lifeStage,sex,behavior,individualID,individualPositionRadius,individualPositionAngle,individualSpeed,bboxX,bboxY,bboxWidth,bboxHeight,classificationMethod,classifiedBy,classificationTimestamp,classificationProbability,observationTags,observationComments
84fbedb5-82a1-4693-a59b-c130c1405866,013fe229-de87-4e28-b7f5-4bb33983551b,"",84fbedb5-82a1-4693-a59b-c130c1405866,2022-10-28T10:00:00Z,2022-10-28T10:00:00Z,event,unclassified,"","",,"","",,"",,,,,,,,"","",,,,""
1861c3c7-8981-4891-8f11-eb103c0882ae,013fe229-de87-4e28-b7f5-4bb33983551b,"",1861c3c7-8981-4891-8f11-eb103c0882ae,2022-10-28T22:00:00Z,2022-10-28T22:00:00Z,event,unclassified,"","",,"","",,"",,,,,,,,"","",,,,""
411ee134-71a4-409c-b7b3-74396eec14ea,013fe229-de87-4e28-b7f5-4bb33983551b,"",9d4222ef-dcda-49d7-814f-56b88e863483,2022-10-31T04:06:19Z,2022-10-31T04:06:38Z,event,animal,"",Capreolus capreolus,1,"","",,411ee134-71a4-409c-b7b3-74396eec14ea,,,1.6839167106,,,,,human,Laurens Dijkhuis,2022-12-20T10:56:04Z,1,,""
0a2a604d-bdc5-4dea-9a48-f547694bf29e,013fe229-de87-4e28-b7f5-4bb33983551b,"",9737f104-2723-4c17-833c-002f1e72e694,2022-11-01T21:25:27Z,2022-11-01T21:25:51Z,event,animal,"",Sus scrofa,2,"","",,"",,,,,,,,human,Yorick Liefting,2022-12-12T14:33:55Z,1,,""
f0d58698-5c7c-4e79-aede-fb586da40070,013fe229-de87-4e28-b7f5-4bb33983551b,"",f0d58698-5c7c-4e79-aede-fb586da40070,2022-11-01T22:00:00Z,2022-11-01T22:00:00Z,event,unclassified,"","",,"","",,"",,,,,,,,"","",,,,""
c9f600a5-4e1e-450e-994a-76c593b83b78,013fe229-de87-4e28-b7f5-4bb33983551b,"",7ece5065-6fad-40fc-b8e9-f74357aa1be2,2022-11-03T18:38:59Z,2022-11-03T18:39:05Z,event,animal,"",Capreolus capreolus,1,"","",,"",,,,,,,,human,Yorick Liefting,2022-12-12T14:34:08Z,1,,""
68b5aa3d-36f3-4029-9471-0992bd339c81,013fe229-de87-4e28-b7f5-4bb33983551b,"",68b5aa3d-36f3-4029-9471-0992bd339c81,2022-11-06T10:00:00Z,2022-11-06T10:00:00Z,event,unclassified,"","",,"","",,"",,,,,,,,"","",,,,""
adb97741-a6cd-4ddf-9995-d523df3a1fcf,013fe229-de87-4e28-b7f5-4bb33983551b,"",adb97741-a6cd-4ddf-9995-d523df3a1fcf,2022-11-10T10:00:00Z,2022-11-10T10:00:00Z,event,unclassified,"","",,"","",,"",,,,,,,,"","",,,,""
9db8d049-4225-4455-bb59-6f5f24356b89,013fe229-de87-4e28-b7f5-4bb33983551b,"",9534f274-a804-4b08-9028-9012baf405c5,2022-11-11T04:56:46Z,2022-11-11T04:56:52Z,event,blank,"","",,"","",,"",,,,,,,,human,Yorick Liefting,2022-12-12T14:34:19Z,1,,""
bc6a4797-ec5c-486c-9cfd-4a5881d69615,013fe229-de87-4e28-b7f5-4bb33983551b,"",bc6a4797-ec5c-486c-9cfd-4a5881d69615,2022-11-14T22:00:00Z,2022-11-14T22:00:00Z,event,unclassified,"","",,"","",,"",,,,,,,,"","",,,,""
b7b125b1-f121-47d5-93a5-bf2d896f73b2,013fe229-de87-4e28-b7f5-4bb33983551b,"",fcf50cc3-100b-49ff-9ad5-e51445dea09d,2022-11-16T10:46:02Z,2022-11-16T10:46:15Z,event,human,"",Homo sapiens,1,"","",,"",,,,,,,,human,Yorick Liefting,2022-12-12T14:34:45Z,1,,SBB
220ae318-7b5e-4085-be98-e488e3bbe91f,013fe229-de87-4e28-b7f5-4bb33983551b,"",c79b395a-b98e-4fe4-8a01-8e0d14135e06,2022-11-16T20:36:35Z,2022-11-16T20:36:41Z,event,unknown,"","",,"","",,"",,,,,,,,human,Yorick Liefting,2022-12-12T14:35:47Z,1,,""
cfb80bb2-150f-4cca-acdc-30cbacf03af2,013fe229-de87-4e28-b7f5-4bb33983551b,"",cfb80bb2-150f-4cca-acdc-30cbacf03af2,2022-11-18T22:00:00Z,2022-11-18T22:00:00Z,event,unclassified,"","",,"","",,"",,,,,,,,"","",,,,""
bde671e8-5446-430b-809a-808aad63e35f,013fe229-de87-4e28-b7f5-4bb33983551b,"",bde671e8-5446-430b-809a-808aad63e35f,2022-11-23T10:00:00Z,2022-11-23T10:00:00Z,event,unclassified,"","",,"","",,"",,,,,,,,"","",,,,""
e17750aa-a20c-405c-a3e3-bc8b91e588be,013fe229-de87-4e28-b7f5-4bb33983551b,"",e17750aa-a20c-405c-a3e3-bc8b91e588be,2022-11-27T10:00:00Z,2022-11-27T10:00:00Z,event,unclassified,"","",,"","",,"",,,,,,,,"","",,,,""
75a5cbf7-b5c9-42f7-8214-a978e6a78039,013fe229-de87-4e28-b7f5-4bb33983551b,"",75a5cbf7-b5c9-42f7-8214-a978e6a78039,2022-12-01T22:00:00Z,2022-12-01T22:00:00Z,event,unclassified,"","",,"","",,"",,,,,,,,"","",,,,""
27952e7a-5e77-48e6-948b-beb4bf9eb55f,013fe229-de87-4e28-b7f5-4bb33983551b,"",27952e7a-5e77-48e6-948b-beb4bf9eb55f,2022-12-05T22:00:00Z,2022-12-05T22:00:00Z,event,unclassified,"","",,"","",,"",,,,,,,,"","",,,,""
23e0acbd-de63-489b-a974-7e1db2999023,013fe229-de87-4e28-b7f5-4bb33983551b,"",23e0acbd-de63-489b-a974-7e1db2999023,2022-12-06T10:00:00Z,2022-12-06T10:00:00Z,event,unclassified,"","",,"","",,"",,,,,,,,"","",,,,""
3330e381-5563-4b1c-b49c-ed83392c5ca3,0cc483d0-e4fd-4a55-a4d6-82e3c0a25382,"",e5930ab3-a3c4-451f-a769-213f73692750,2022-10-28T12:00:00Z,2022-10-28T12:00:05Z,event,blank,"","",,"","",,"",,,,,,,,human,Yorick Liefting,2022-12-14T11:19:56Z,1,,""
b36e4ab3-4ffe-416c-809f-c11b4d9ea8a4,0cc483d0-e4fd-4a55-a4d6-82e3c0a25382,"",b36e4ab3-4ffe-416c-809f-c11b4d9ea8a4,2022-10-28T22:00:00Z,2022-10-28T22:00:00Z,event,unclassified,"","",,"","",,"",,,,,,,,"","",,,,""
249b9dd7-45ce-4bb5-8c61-5e86ccd58a14,0cc483d0-e4fd-4a55-a4d6-82e3c0a25382,"",249b9dd7-45ce-4bb5-8c61-5e86ccd58a14,2022-10-29T10:00:00Z,2022-10-29T10:00:00Z,event,unclassified,"","",,"","",,"",,,,,,,,"","",,,,""
face8981-0c46-4344-a9d4-654f7159a972,0cc483d0-e4fd-4a55-a4d6-82e3c0a25382,"",68004edb-a6ce-4b0d-a1d9-bef28ddac747,2022-11-03T00:58:34Z,2022-11-03T00:58:46Z,event,animal,"",Meles meles,1,"","",,face8981-0c46-4344-a9d4-654f7159a972,,,1.6170338349,,,,,human,Patrick Jansen,2022-12-19T21:13:04Z,1,,""
b6b6bd80-b8c0-46c9-bb02-c91a48c7db96,0cc483d0-e4fd-4a55-a4d6-82e3c0a25382,"",55d217da-fe03-4fd9-87e2-ce355f007c02,2022-11-05T22:46:04Z,2022-11-05T22:46:09Z,event,animal,"",Martes martes,1,"","",,b6b6bd80-b8c0-46c9-bb02-c91a48c7db96,,,2.2856910177,,,,,human,Patrick Jansen,2022-12-19T20:43:27Z,1,,""
659a76d9-77e2-40a4-a607-9d72cbf49ca3,0cc483d0-e4fd-4a55-a4d6-82e3c0a25382,"",9a50b963-dfc0-4512-827b-88f6fc189166,2022-11-06T03:09:55Z,2022-11-06T03:10:03Z,event,animal,"",Cervus elaphus,1,"","",,"",,,,,,,,human,Yorick Liefting,2022-12-14T11:23:18Z,1,,""
dc6ee0b3-e665-45c6-a656-353f5aec16a0,0cc483d0-e4fd-4a55-a4d6-82e3c0a25382,"",d8324fd6-b0ec-4179-be10-f57abf4e7b99,2022-11-07T21:32:10Z,2022-11-07T21:32:23Z,event,animal,"",Capreolus capreolus,1,"","",,"",,,,,,,,human,Yorick Liefting,2022-12-14T11:26:04Z,1,,""
22d6601e-15a0-4e08-a7b7-4a19156f3948,0cc483d0-e4fd-4a55-a4d6-82e3c0a25382,"",da98f8b8-b3c5-48b2-a60d-6072b18f4d20,2022-11-07T23:43:05Z,2022-11-07T23:43:10Z,event,animal,"",Cervus elaphus,1,"","",,22d6601e-15a0-4e08-a7b7-4a19156f3948,,,31.4195073135,,,,,human,Laurens Dijkhuis,2022-12-15T13:21:13Z,1,,""
bc6f477d-ee29-49ac-b5e3-aabdb98fd6a1,0cc483d0-e4fd-4a55-a4d6-82e3c0a25382,"",5d13b211-dfcd-449e-8d51-2db4f6fffb64,2022-11-08T22:29:18Z,2022-11-08T22:30:54Z,event,animal,"",Cervus elaphus,2,"","",,"",,,,,,,,human,Yorick Liefting,2022-12-14T11:28:04Z,1,,""
a35d606a-9e74-4e09-86b5-abb345a6c13d,0cc483d0-e4fd-4a55-a4d6-82e3c0a25382,"",211cebaa-412a-4416-9e46-338eb7e145e3,2022-11-13T00:03:27Z,2022-11-13T00:03:33Z,event,animal,"",Vulpes vulpes,1,"","",,"",,,,,,,,human,Yorick Liefting,2022-12-14T11:30:09Z,1,,""
3628425d-6d75-420e-b56a-ae66f9312ab4,0cc483d0-e4fd-4a55-a4d6-82e3c0a25382,"",5966c0d6-c141-4748-a843-3afdc5833433,2022-11-15T05:03:10Z,2022-11-15T05:03:16Z,event,animal,"",Felis catus,1,"","",,"",,,,,,,,human,Yorick Liefting,2022-12-14T11:32:41Z,1,,""
17667b28-5b88-451d-b640-b92b14e8e55c,0cc483d0-e4fd-4a55-a4d6-82e3c0a25382,"",95ef5be2-445f-4d12-9fc1-15da1e4544fe,2022-11-16T17:46:54Z,2022-11-16T17:46:59Z,event,animal,"",Vulpes vulpes,1,"","",,"",,,,,,,,human,Yorick Liefting,2022-12-14T11:33:14Z,1,,""
b6884d98-08b4-42da-b51b-7fb551e48942,0cc483d0-e4fd-4a55-a4d6-82e3c0a25382,"",461f98a6-1d9b-4bd9-b99a-bce60bf08a17,2022-11-26T02:29:04Z,2022-11-26T02:29:22Z,event,animal,"",Felis catus,1,"","",,"",,,,,,,,human,Yorick Liefting,2022-12-14T11:43:00Z,1,,""
6703b622-7a22-4aef-8cdc-55b7200538a8,0cc483d0-e4fd-4a55-a4d6-82e3c0a25382,"",9df544e1-2875-45db-9fbd-095e416899d4,2022-11-26T19:34:56Z,2022-11-26T19:35:01Z,event,unknown,"","",,"","",,"",,,,,,,,human,Yorick Liefting,2022-12-14T11:44:04Z,1,,""
341920cd-825d-435a-b97d-49f4b6c7d602,0cc483d0-e4fd-4a55-a4d6-82e3c0a25382,"",f2a2d000-a56f-499f-8b68-ae5f51b3896f,2022-11-26T19:48:06Z,2022-11-26T19:50:26Z,event,animal,"",Sus scrofa,2,"","",,"",,,,,,,,human,Yorick Liefting,2022-12-14T11:44:42Z,1,,""
4c4b3096-ee88-4bfa-ae8f-7ddd534ba73f,0cc483d0-e4fd-4a55-a4d6-82e3c0a25382,"",5c20bc1e-c0be-4706-921a-22218853ecf2,2022-11-30T08:27:22Z,2022-11-30T08:27:28Z,event,animal,"",Capreolus capreolus,1,"","",,"",,,,,,,,human,Yorick Liefting,2022-12-14T11:49:23Z,1,,""
54e4efcf-cf17-424b-af89-c3066672c9c9,0cc483d0-e4fd-4a55-a4d6-82e3c0a25382,"",1c44a0a3-778d-4afa-85fa-ed4e8ac64aef,2022-12-04T23:40:19Z,2022-12-04T23:40:24Z,event,animal,"",Sus scrofa,1,"","",,54e4efcf-cf17-424b-af89-c3066672c9c9,,,2.6587330728,,,,,human,Patrick Jansen,2022-12-15T08:42:27Z,1,,""
5fabb81c-c4da-4483-94db-cb31bc0c113f,0cc483d0-e4fd-4a55-a4d6-82e3c0a25382,"",5fabb81c-c4da-4483-94db-cb31bc0c113f,2022-12-06T10:00:00Z,2022-12-06T10:00:00Z,event,unclassified,"","",,"","",,"",,,,,,,,"","",,,,""
7dfd1837-c6e5-4590-a6fc-d9f5af448f1d,21522587-54ea-4170-bf82-1afdce8d288a,"",ed8d38e5-f9e2-417a-a6ca-2f560fd96a3c,2023-10-20T09:48:44Z,2023-10-20T09:48:58Z,event,unclassified,setup,"",,"","",,"",,,,,,,,human,Anouk van der Schaaf,2023-12-14T11:18:18Z,1,,""
0b496ae5-178c-42a4-aa02-49d77f66fe58,21522587-54ea-4170-bf82-1afdce8d288a,"",0b496ae5-178c-42a4-aa02-49d77f66fe58,2023-10-20T10:00:00Z,2023-10-20T10:00:00Z,event,unclassified,"","",,"","",,"",,,,,,,,"","",,,,""
d9b14719-4859-49df-844d-5dfb524034bc,21522587-54ea-4170-bf82-1afdce8d288a,"",dadc4a6c-f7ca-4240-88a4-e6f2cdab2529,2023-10-20T10:00:01Z,2023-10-20T10:00:08Z,event,blank,"","",,"","",,"",,,,,,,,human,Anouk van der Schaaf,2023-12-14T11:18:25Z,1,,""
a4c225a9-7410-4014-90f0-7b5d15539699,21522587-54ea-4170-bf82-1afdce8d288a,"",4508739d-667f-4bec-8c0d-c6500cb2b3bc,2023-10-20T17:45:39Z,2023-10-20T17:46:21Z,event,animal,"",Capreolus capreolus,1,subadult,male,,"",,,,,,,,human,Jari Bos,2023-12-15T10:07:03Z,1,,No deployment calibration found
21833548-8902-4bf9-bee2-50f1a2fe9f7a,21522587-54ea-4170-bf82-1afdce8d288a,"",bd5c1d2a-3180-448f-a92e-fc4b9ea173fc,2023-10-21T18:34:57Z,2023-10-21T18:35:02Z,event,animal,"",Capreolus capreolus,1,"",female,,"",,,,,,,,human,Laurens Dijkhuis,2023-12-15T10:07:20Z,1,,""
4a3694c8-70a6-43f8-95f8-4c6fc97eb8af,21522587-54ea-4170-bf82-1afdce8d288a,"",e2092dcd-27e0-49da-a3f4-261f39f63f1c,2023-10-27T20:29:57Z,2023-10-27T20:30:02Z,event,animal,"",Capreolus capreolus,1,adult,female,,"",,,,,,,,human,Laurens Dijkhuis,2023-12-15T10:07:43Z,1,,""
3a252c44-26b2-4399-81ee-941d39b6ff74,21522587-54ea-4170-bf82-1afdce8d288a,"",3a252c44-26b2-4399-81ee-941d39b6ff74,2023-10-31T10:00:00Z,2023-10-31T10:00:00Z,event,unclassified,"","",,"","",,"",,,,,,,,"","",,,,""
110495c1-b6e1-4819-a9b7-c4f7e66d3e65,21522587-54ea-4170-bf82-1afdce8d288a,"",f540bed8-6336-4c00-9d3a-f39691668111,2023-11-01T17:35:33Z,2023-11-01T17:35:50Z,event,animal,"",Sus scrofa,1,"","",,"",,,,,,,,human,Laurens Dijkhuis,2023-12-15T10:08:15Z,1,,""
6a3dc785-f3bf-4c11-a2e2-ff130f05280b,21522587-54ea-4170-bf82-1afdce8d288a,"",b8fc412f-d09e-4a83-9ffc-b959d1a82546,2023-11-05T11:52:23Z,2023-11-05T11:52:29Z,event,animal,"",Dama dama,1,adult,female,,"",,,,,,,,human,Laurens Dijkhuis,2023-12-15T10:08:38Z,1,,""
55910b50-7f5a-4c1d-ad70-36e5b07a8e22,21522587-54ea-4170-bf82-1afdce8d288a,"",55910b50-7f5a-4c1d-ad70-36e5b07a8e22,2023-11-10T22:00:00Z,2023-11-10T22:00:00Z,event,unclassified,"","",,"","",,"",,,,,,,,"","",,,,""
750c16e3-6e57-42df-9ae5-99d6d3e77269,21522587-54ea-4170-bf82-1afdce8d288a,"",383a15e5-6e96-40e8-a170-188f5ee4afca,2023-11-13T00:59:02Z,2023-11-13T00:59:07Z,event,animal,"",Martes martes,1,"","",,"",,,,,,,,human,Anouk van der Schaaf,2023-12-15T10:09:06Z,1,,No deployment calibration found
f675a925-c724-466a-9bf6-d740bdbcfd1e,21522587-54ea-4170-bf82-1afdce8d288a,"",f675a925-c724-466a-9bf6-d740bdbcfd1e,2023-11-22T10:00:00Z,2023-11-22T10:00:00Z,event,unclassified,"","",,"","",,"",,,,,,,,"","",,,,""
cd2dfc87-918e-4722-8b6c-f8ab2b763744,21522587-54ea-4170-bf82-1afdce8d288a,"",2161349f-cc5a-43a7-95fb-271ed3f121ef,2023-11-23T14:45:20Z,2023-11-23T14:45:27Z,event,animal,"",Cervus elaphus,1,adult,male,,"",,,,,,,,human,Laurens Dijkhuis,2023-12-15T10:10:42Z,1,,resting
6cfe4cf2-cf62-477e-944e-7fa4b53e53e3,21522587-54ea-4170-bf82-1afdce8d288a,"",389751e5-4a62-4437-ae5a-abc960f23cdc,2023-11-23T15:30:56Z,2023-11-23T15:31:01Z,event,animal,"",Cervus elaphus,1,adult,male,,"",,,,,,,,human,Laurens Dijkhuis,2023-12-15T10:11:07Z,1,,resting
5b747a9d-4307-4198-a70f-ddeba525e260,21522587-54ea-4170-bf82-1afdce8d288a,"",9855148f-b25a-4468-848d-b526c335147c,2023-11-23T22:56:48Z,2023-11-23T22:57:08Z,event,animal,"",Sus scrofa,1,"","",,"",,,,,,,,human,Laurens Dijkhuis,2023-12-15T10:11:27Z,1,,""
0655eb69-0bbf-4b05-aae4-feb0229d4e74,21522587-54ea-4170-bf82-1afdce8d288a,"",0655eb69-0bbf-4b05-aae4-feb0229d4e74,2023-12-01T22:00:00Z,2023-12-01T22:00:00Z,event,unclassified,"","",,"","",,"",,,,,,,,"","",,,,""
1df5e854-2e19-40d3-96aa-19cea3f3d8a5,21522587-54ea-4170-bf82-1afdce8d288a,"",1df5e854-2e19-40d3-96aa-19cea3f3d8a5,2023-12-12T10:00:00Z,2023-12-12T10:00:00Z,event,unclassified,"","",,"","",,"",,,,,,,,"","",,,,""
eed9f665-d065-409c-9481-237e8431c9f3,21522587-54ea-4170-bf82-1afdce8d288a,"",37f5fc5c-ade7-4709-a1c8-73232781b6ac,2023-12-12T13:43:10Z,2023-12-12T13:43:34Z,event,unclassified,setup,"",,"","",,"",,,,,,,,human,Laurens Dijkhuis,2023-12-15T10:13:29Z,1,,""
7f44dfee-84f5-46d5-b939-afdb669bc95c,224cfc44-0aa5-46a3-9e4b-6811b58f441b,"",7f44dfee-84f5-46d5-b939-afdb669bc95c,2024-10-15T22:00:00Z,2024-10-15T22:00:00Z,event,unclassified,"","",,"","",,"",,,,,,,,"","",,,,""
34b700a4-f169-446b-91bf-1b6cdb37326b,224cfc44-0aa5-46a3-9e4b-6811b58f441b,"",34b700a4-f169-446b-91bf-1b6cdb37326b,2024-10-16T10:00:00Z,2024-10-16T10:00:00Z,event,unclassified,"","",,"","",,"",,,,,,,,"","",,,,""
4d94e586-6fdd-42cc-b633-65d2e1f816bc,224cfc44-0aa5-46a3-9e4b-6811b58f441b,"",cd084869-d2f3-4993-bd99-cec45715152a,2024-10-20T22:05:51Z,2024-10-20T22:06:03Z,event,animal,"",Sus scrofa,1,"","",,"",,,,,,,,human,Laurens Dijkhuis,2024-12-23T10:39:57Z,1,,""
fd2c8242-8eb8-40f6-8b10-36ea2c4c7163,224cfc44-0aa5-46a3-9e4b-6811b58f441b,"",c1909ffc-67f2-4a3f-a80a-ccfc6183e6e7,2024-10-27T21:09:31Z,2024-10-27T21:09:37Z,event,animal,"",Capreolus capreolus,2,"","",,"",,,,,,,,human,Laurens Dijkhuis,2024-12-23T10:40:23Z,1,,""
c5b1a6a5-b8a1-4649-ae3a-4aabbaa1ff83,224cfc44-0aa5-46a3-9e4b-6811b58f441b,"",c5b1a6a5-b8a1-4649-ae3a-4aabbaa1ff83,2024-10-29T10:00:00Z,2024-10-29T10:00:00Z,event,unclassified,"","",,"","",,"",,,,,,,,"","",,,,""
079a87cd-6eca-48d7-8f46-b0c391104984,224cfc44-0aa5-46a3-9e4b-6811b58f441b,"",bc73fcec-f4a2-415a-bf5a-4d92cb337f83,2024-10-30T13:33:10Z,2024-10-30T13:33:33Z,event,animal,"",Canis lupus familiaris,1,"","",,"",,,,,,,,human,Laurens Dijkhuis,2024-12-23T10:40:59Z,1,,""
4214cd1a-22b5-4ed9-98a0-7afbad06bca1,224cfc44-0aa5-46a3-9e4b-6811b58f441b,"",bc73fcec-f4a2-415a-bf5a-4d92cb337f83,2024-10-30T13:33:10Z,2024-10-30T13:33:33Z,event,human,"",Homo sapiens,4,"","",,"",,,,,,,,human,Laurens Dijkhuis,2024-12-23T10:40:47Z,1,,""
b637e99b-8752-4c12-ac85-5a5368d17e06,224cfc44-0aa5-46a3-9e4b-6811b58f441b,"",e68cb628-a2c6-4357-8b6e-2c72db5bb544,2024-11-02T21:00:07Z,2024-11-02T21:00:13Z,event,animal,"",Capreolus capreolus,1,"","",,"",,,,,,,,human,Laurens Dijkhuis,2024-12-23T10:41:50Z,1,,""
60dc7758-bd55-4b7d-872e-a45ff81201d8,224cfc44-0aa5-46a3-9e4b-6811b58f441b,"",d75259cf-ee77-4d37-b2db-6373207edc8f,2024-11-07T06:39:04Z,2024-11-07T06:39:09Z,event,animal,"",Cervus elaphus,1,adult,male,,"",,,,,,,,human,Laurens Dijkhuis,2024-12-23T10:42:37Z,1,,""
84c4475c-3262-4852-a1de-803aaefe0c45,224cfc44-0aa5-46a3-9e4b-6811b58f441b,"",84c4475c-3262-4852-a1de-803aaefe0c45,2024-11-10T10:00:00Z,2024-11-10T10:00:00Z,event,unclassified,"","",,"","",,"",,,,,,,,"","",,,,""
60106697-3ea0-41ad-a29e-30e28db68aaf,224cfc44-0aa5-46a3-9e4b-6811b58f441b,"",b778f6b9-675b-4b91-8dbb-a381b01336e6,2024-11-15T20:31:19Z,2024-11-15T20:31:25Z,event,animal,"",Canis lupus,1,"","",,60106697-3ea0-41ad-a29e-30e28db68aaf,,,17.6997519352,,,,,human,Anouk van der Schaaf,2024-12-23T10:44:22Z,1,,""
bf40dafd-7105-49d1-9613-6fa3cd35749c,224cfc44-0aa5-46a3-9e4b-6811b58f441b,"",c17ece96-df8b-4412-bc6b-2946c7c46924,2024-11-15T20:54:29Z,2024-11-15T20:54:35Z,event,animal,"",Canis lupus,1,"","",,"",,,,,,,,human,Laurens Dijkhuis,2024-12-23T10:44:47Z,1,,""
69c98e84-1b00-4f74-9f60-f87465d77857,224cfc44-0aa5-46a3-9e4b-6811b58f441b,"",5e09ed05-0749-4022-a16d-06de096af72c,2024-11-20T07:22:10Z,2024-11-20T07:22:16Z,event,blank,"","",,"","",,"",,,,,,,,human,Laurens Dijkhuis,2024-12-23T10:46:07Z,1,,""
81153bdb-1deb-45ae-989d-45a6e48fe42e,224cfc44-0aa5-46a3-9e4b-6811b58f441b,"",a0509b78-37c5-4b79-b8cc-3bd0a583ddab,2024-11-22T06:41:14Z,2024-11-22T06:41:31Z,event,animal,"",Capreolus capreolus,1,"","",,"",,,,,,,,human,Laurens Dijkhuis,2024-12-23T10:46:25Z,1,,""
5745039b-ba67-4306-9548-91735ecf2ec3,224cfc44-0aa5-46a3-9e4b-6811b58f441b,"",5745039b-ba67-4306-9548-91735ecf2ec3,2024-12-04T22:00:00Z,2024-12-04T22:00:00Z,event,unclassified,"","",,"","",,"",,,,,,,,"","",,,,""
78031608-6a3b-4841-a829-98191209c123,224cfc44-0aa5-46a3-9e4b-6811b58f441b,"",cd5c1e76-9d56-4538-b52f-ef368bc857d2,2024-12-04T23:41:08Z,2024-12-04T23:41:14Z,event,animal,"",Sus scrofa,1,adult,male,,"",,,,,,,,human,Laurens Dijkhuis,2024-12-23T10:46:39Z,1,,""
d9a06ff2-cec1-43d1-9538-07ff8ec888ca,224cfc44-0aa5-46a3-9e4b-6811b58f441b,"",e47b492c-aace-4840-8c20-52a3d8207c76,2024-12-12T02:03:07Z,2024-12-12T02:03:38Z,event,animal,"",Cervus elaphus,1,adult,male,,"",,,,,,,,human,Laurens Dijkhuis,2024-12-23T10:46:58Z,1,,""
986dd201-3386-4897-87cc-a2afc5fd7955,224cfc44-0aa5-46a3-9e4b-6811b58f441b,"",986dd201-3386-4897-87cc-a2afc5fd7955,2024-12-17T10:00:00Z,2024-12-17T10:00:00Z,event,unclassified,"","",,"","",,"",,,,,,,,"","",,,,""
5148181c-50e0-4d8f-8e1e-99671897479a,224cfc44-0aa5-46a3-9e4b-6811b58f441b,"",5e688fd0-3d71-47b4-89db-b5923f42e9f0,2024-12-17T14:42:19Z,2024-12-17T14:42:47Z,event,unclassified,setup,"",,"","",,"",,,,,,,,human,Laurens Dijkhuis,2024-12-23T10:47:52Z,1,,""
3c20a018-5e20-4663-8e15-0747a8be897b,5784b148-f0de-490c-9655-fb6e69bda019,"",3c20a018-5e20-4663-8e15-0747a8be897b,2022-10-28T10:00:00Z,2022-10-28T10:00:00Z,event,unclassified,"","",,"","",,"",,,,,,,,"","",,,,""
31d41019-ab40-4901-9fe6-9a6a33def741,5784b148-f0de-490c-9655-fb6e69bda019,"",31d41019-ab40-4901-9fe6-9a6a33def741,2022-10-28T22:00:00Z,2022-10-28T22:00:00Z,event,unclassified,"","",,"","",,"",,,,,,,,"","",,,,""
f8481c6d-46dd-4511-80cf-0840fdde2f9d,5784b148-f0de-490c-9655-fb6e69bda019,"",be719c76-fdf5-4b07-9b1d-df52cec7311a,2022-11-01T21:59:56Z,2022-11-01T22:00:00Z,event,animal,"",Capreolus capreolus,1,"","",,"",,,,,,,,human,Yorick Liefting,2022-12-12T12:21:24Z,1,,""
1b075267-b7b4-48dd-b4a4-a6423336a20b,5784b148-f0de-490c-9655-fb6e69bda019,"",6be01462-ee30-437a-9894-ab6f7863d416,2022-11-01T22:00:01Z,2022-11-01T22:00:02Z,event,blank,"","",,"","",,"",,,,,,,,human,Yorick Liefting,2022-12-12T12:21:55Z,1,,""
379f24a1-5c8d-481b-994e-776fe0dd7466,5784b148-f0de-490c-9655-fb6e69bda019,"",2cafb0ca-e8cf-407c-a9c6-0841b252ca0a,2022-11-02T18:50:46Z,2022-11-02T18:50:52Z,event,animal,"",Vulpes vulpes,1,"","",,"",,,,,,,,human,Yorick Liefting,2022-12-12T12:22:05Z,1,,""
00bb229a-8635-4e7c-8915-5ceab036c3c9,5784b148-f0de-490c-9655-fb6e69bda019,"",953bf77d-e1e0-49fe-bd90-7abcdc978e12,2022-11-03T03:01:36Z,2022-11-03T03:01:46Z,event,animal,"",Capreolus capreolus,1,"","",,"",,,,,,,,human,Yorick Liefting,2022-12-12T12:22:20Z,1,,""
165a1fd3-a2e7-4b85-823e-c84e2204ff40,5784b148-f0de-490c-9655-fb6e69bda019,"",4c102554-eaf4-4f96-83f4-abce6cdfac69,2022-11-05T23:52:22Z,2022-11-05T23:52:35Z,event,animal,"",Martes martes,1,"","",,165a1fd3-a2e7-4b85-823e-c84e2204ff40,,,,,,,,human,Patrick Jansen,2022-12-19T20:43:44Z,1,,Not enough positions for speed and distance
72909f67-8349-4234-81c8-77442e648b7f,5784b148-f0de-490c-9655-fb6e69bda019,"",1d3b94e6-6f84-4e8b-8c7c-02c5c8230aea,2022-11-07T21:04:44Z,2022-11-07T21:04:49Z,event,animal,"",Lepus europaeus,1,"","",,"",,,,,,,,human,Yorick Liefting,2022-12-12T12:31:41Z,1,,""
f1cb59c8-e5db-41d6-b2dc-139e08e8b795,5784b148-f0de-490c-9655-fb6e69bda019,"",f78bce31-f27b-4d47-af8f-fa6d01e1df96,2022-11-08T20:32:06Z,2022-11-08T20:32:18Z,event,animal,"",Sus scrofa,1,"","",,"",,,,,,,,human,Yorick Liefting,2022-12-12T12:38:35Z,1,,""
2c1944c0-b292-41b9-b41c-582186e49390,5784b148-f0de-490c-9655-fb6e69bda019,"",f204ff9d-281f-4dee-ad4e-c5e40e87d883,2022-11-08T20:40:59Z,2022-11-08T20:41:11Z,event,animal,"",Sus scrofa,1,"","",,"",,,,,,,,human,Yorick Liefting,2022-12-12T12:38:55Z,1,,""
8c4a8e03-fab5-4a16-a544-dff1b0e7fb97,5784b148-f0de-490c-9655-fb6e69bda019,"",05b1185b-2cb4-47ed-bf57-994158942691,2022-11-09T06:13:31Z,2022-11-09T06:13:36Z,event,animal,"",Oryctolagus cuniculus,1,"","",,"",,,,,,,,human,Yorick Liefting,2022-12-12T12:42:35Z,1,,""
7daa3247-0875-4409-8b1c-70ba79389ee6,5784b148-f0de-490c-9655-fb6e69bda019,"",ad799f6f-6230-4e1d-8bbe-a8abe13fc7f1,2022-11-10T04:52:20Z,2022-11-10T04:52:25Z,event,animal,"",Vulpes vulpes,1,"","",,"",,,,,,,,human,Yorick Liefting,2022-12-12T12:43:12Z,1,,""
ee5d9cb5-8c1f-4d03-be7f-3d2ece1b0091,5784b148-f0de-490c-9655-fb6e69bda019,"",f14f8d5e-51fe-4586-9a14-18eaa0d04fd6,2022-11-14T17:13:17Z,2022-11-14T17:13:29Z,event,animal,"",Cervus elaphus,1,"","",,"",,,,,,,,human,Yorick Liefting,2022-12-12T12:46:00Z,1,,""
acc0bedf-f899-465d-aee2-48c655aa04f2,5784b148-f0de-490c-9655-fb6e69bda019,"",2064058e-c9c6-4f84-b17a-4a567d3f2dd8,2022-11-18T15:48:43Z,2022-11-18T15:48:57Z,event,animal,"",Capreolus capreolus,2,"","",,"",,,,,,,,human,Yorick Liefting,2022-12-12T12:47:53Z,1,,""
04cf1ebc-c68d-4d92-8242-5785758ec088,5784b148-f0de-490c-9655-fb6e69bda019,"",afe05dc1-1082-4bde-8855-07194f5a68b5,2022-11-25T04:43:44Z,2022-11-25T04:45:29Z,event,animal,"",Cervus elaphus,1,"","",,"",,,,,,,,human,Yorick Liefting,2022-12-12T12:56:01Z,1,,""
7f47c2f8-727e-4f83-a216-bf09541bd2c8,5784b148-f0de-490c-9655-fb6e69bda019,"",aa9e5431-1d32-476a-b1e8-bf02c8b71380,2022-11-26T22:48:17Z,2022-11-26T22:48:22Z,event,animal,"",Vulpes vulpes,1,"","",,7f47c2f8-727e-4f83-a216-bf09541bd2c8,,,0.5730391706,,,,,human,Yorick Liefting,2022-12-19T16:51:33Z,1,,""
46813d05-7c56-4d52-9c85-bbf39ac211a6,5784b148-f0de-490c-9655-fb6e69bda019,"",215cbf55-af4e-4f86-b625-90ef32fefc16,2022-12-03T02:46:34Z,2022-12-03T02:46:41Z,event,animal,"",Oryctolagus cuniculus,1,"","",,"",,,,,,,,human,Yorick Liefting,2022-12-12T12:59:38Z,1,,""
102d9579-b2f1-44c8-b1f2-86e3dc783fde,5784b148-f0de-490c-9655-fb6e69bda019,"",e2d4b102-8e1f-4f31-a4bb-93240a65905b,2022-12-06T12:06:21Z,2022-12-06T12:07:05Z,event,unclassified,setup,"",,"","",,"",,,,,,,,human,Yorick Liefting,2022-12-12T13:00:59Z,1,,""
2cce2ce5-9231-46af-ae66-7810bb448b19,595d2400-97db-4b1d-93c9-efe537d89dac,"",2e2d9a04-ca46-484c-99be-1028b5a200d0,2024-10-16T21:31:05Z,2024-10-16T21:31:11Z,event,blank,"","",,"","",,"",,,,,,,,human,Patrick Jansen,2024-12-31T15:16:32Z,1,,""
871ee04f-1bdc-4b80-9a2c-e68194e01e47,595d2400-97db-4b1d-93c9-efe537d89dac,"",871ee04f-1bdc-4b80-9a2c-e68194e01e47,2024-10-16T22:00:00Z,2024-10-16T22:00:00Z,event,unclassified,"","",,"","",,"",,,,,,,,"","",,,,""
43d1b045-c7d1-4f0c-b6f4-f85fb00d3dec,595d2400-97db-4b1d-93c9-efe537d89dac,"",8b69ab18-8ce9-4261-a84f-e3855d894590,2024-10-17T22:24:34Z,2024-10-17T22:24:40Z,event,animal,"",Capreolus capreolus,1,"","",,"",,,,,,,,human,Patrick Jansen,2024-12-31T15:17:00Z,0.5,,""
4c79165d-edb9-4645-916e-fc67da09ecf6,595d2400-97db-4b1d-93c9-efe537d89dac,"",2cbd6661-54aa-4f07-be70-326c3a412447,2024-10-20T23:26:50Z,2024-10-20T23:26:56Z,event,animal,"",Vulpes vulpes,1,"","",,"",,,,,,,,human,Patrick Jansen,2024-12-31T15:18:46Z,1,,""
12229182-2607-45ec-abe4-4174e5a0ab85,595d2400-97db-4b1d-93c9-efe537d89dac,"",a0f0c2ad-92de-410e-9623-98161d00b054,2024-10-22T23:49:35Z,2024-10-22T23:49:41Z,event,animal,"",Vulpes vulpes,1,"","",,12229182-2607-45ec-abe4-4174e5a0ab85,,,1.64591574,,,,,human,Bart van Rossum,2024-12-31T15:19:32Z,1,,""
3e4a241d-46ff-43bd-97a8-c525bfcd2b74,595d2400-97db-4b1d-93c9-efe537d89dac,"",737abf3f-7dfc-4ffe-9fd2-42788eda8d4f,2024-10-23T05:31:42Z,2024-10-23T05:31:48Z,event,animal,"",Lepus europaeus,1,"","",,"",,,,,,,,human,Patrick Jansen,2024-12-31T15:19:45Z,1,,""
566f6b75-dc2d-479b-8569-06935acad210,595d2400-97db-4b1d-93c9-efe537d89dac,"",bb67f999-1967-4c39-b1c2-798a3638492d,2024-10-25T05:43:27Z,2024-10-25T05:43:32Z,event,animal,"",Lepus europaeus,1,"","",,"",,,,,,,,human,Patrick Jansen,2024-12-31T15:20:15Z,1,,""
f57288b7-f080-41f8-9a98-81650cc325d7,595d2400-97db-4b1d-93c9-efe537d89dac,"",bd4f5105-e0aa-44c4-9217-772e0f608816,2024-10-28T03:19:46Z,2024-10-28T03:19:51Z,event,unknown,"","",,"","",,"",,,,,,,,human,Patrick Jansen,2024-12-31T15:22:20Z,1,,""
13020299-4a6a-4d7f-a2f8-7ebac2a5ff99,595d2400-97db-4b1d-93c9-efe537d89dac,"",83c97474-8523-493c-8e0e-3c224c0c8ab4,2024-11-01T04:09:35Z,2024-11-01T04:09:41Z,event,animal,"",Vulpes vulpes,1,adult,"",,"",,,,,,,,human,Patrick Jansen,2024-12-31T15:22:59Z,1,,""
1b1e62f0-5302-4004-a5c7-61f7600f87c4,595d2400-97db-4b1d-93c9-efe537d89dac,"",fd9a0ea2-63ad-4402-bc92-ed4ed633fd66,2024-11-09T19:01:13Z,2024-11-09T19:01:19Z,event,animal,"",Capreolus capreolus,1,"","",,"",,,,,,,,human,Patrick Jansen,2024-12-31T15:25:18Z,1,,""
c3a33a51-0840-4b8a-acc1-9309e1f2fca2,595d2400-97db-4b1d-93c9-efe537d89dac,"",0faf0d87-29c8-42c6-9483-055b74925d56,2024-11-09T20:13:43Z,2024-11-09T20:13:48Z,event,animal,"",Martes martes,1,"","",,c3a33a51-0840-4b8a-acc1-9309e1f2fca2,,,1.2234606014,,,,,human,Anouk van der Schaaf,2024-12-31T15:25:31Z,1,,""
ceac68b0-bfcf-4853-a58a-0fc26e8919a1,595d2400-97db-4b1d-93c9-efe537d89dac,"",320ee4c7-8007-47b3-8447-31f22881d04d,2024-11-11T17:44:49Z,2024-11-11T17:44:55Z,event,animal,"",Martes martes,1,"","",,ceac68b0-bfcf-4853-a58a-0fc26e8919a1,,,1.1744559477,,,,,human,Anouk van der Schaaf,2024-12-31T15:25:39Z,1,,""
a941f64b-b167-46fd-9006-051abb865569,595d2400-97db-4b1d-93c9-efe537d89dac,"",133b2dab-20c4-43ac-a1fc-3e2d87031a82,2024-11-16T02:55:39Z,2024-11-16T02:55:45Z,event,animal,"",Felis catus,1,adult,"",,"",,,,,,,,human,Patrick Jansen,2024-12-31T15:28:05Z,1,,""
171f45e7-a946-4394-a54a-4663045aa5b0,595d2400-97db-4b1d-93c9-efe537d89dac,"",2bdaad05-ebe4-48ec-8afc-5c8055086b3e,2024-11-24T16:41:38Z,2024-11-24T16:41:49Z,event,animal,"",Cervus elaphus,1,adult,male,,171f45e7-a946-4394-a54a-4663045aa5b0,,,1.7118228603,,,,,human,Yorick Liefting,2024-12-31T15:33:05Z,1,,""
97f746f5-b793-4cd3-bb82-6d234442ac0a,595d2400-97db-4b1d-93c9-efe537d89dac,"",1260b871-4eba-4095-a2fd-30680433ce71,2024-11-25T17:13:02Z,2024-11-25T17:13:23Z,event,animal,"",Canis lupus,1,adult,"",,97f746f5-b793-4cd3-bb82-6d234442ac0a,,,0.9080766487,,,,,human,Anouk van der Schaaf,2024-12-31T15:33:39Z,1,,""
c3361618-e4c9-44bc-b7e9-13c3f04a5899,595d2400-97db-4b1d-93c9-efe537d89dac,"",84a42e8a-29b0-43d9-9dcb-bc9de656fcde,2024-11-29T02:54:15Z,2024-11-29T02:54:21Z,event,animal,"",Sus scrofa,1,"","",,"",,,,,,,,human,Patrick Jansen,2024-12-31T15:35:01Z,0.5,,""
98a8558e-de2b-4761-b90d-29dd36d6a838,595d2400-97db-4b1d-93c9-efe537d89dac,"",36aa040e-cc4b-4ea3-897d-47a52372233e,2024-11-29T06:31:05Z,2024-11-29T06:31:12Z,event,animal,"",Cervidae,1,adult,"",,"",,,,,,,,human,Patrick Jansen,2024-12-31T15:35:40Z,1,,""
985eb55a-0b46-49f4-b715-a0379f5f7e44,595d2400-97db-4b1d-93c9-efe537d89dac,"",49da7ae8-5c55-40fb-962f-d3ef18866031,2024-12-04T20:37:15Z,2024-12-04T20:37:20Z,event,animal,"",Mammalia,1,"","",,"",,,,,,,,human,Patrick Jansen,2024-12-31T15:39:34Z,1,,""
be235f2f-9e61-44cf-978f-961b9dcef7cc,595d2400-97db-4b1d-93c9-efe537d89dac,"",cb2ac8d6-170b-49b5-b34a-2b20967d36de,2024-12-06T04:15:03Z,2024-12-06T04:15:09Z,event,animal,"",Sus scrofa,2,adult,"",,"",,,,,,,,human,Patrick Jansen,2024-12-31T15:41:27Z,1,,""
ad140ec5-72be-4f54-9171-4ae65bac6a38,595d2400-97db-4b1d-93c9-efe537d89dac,"",ad140ec5-72be-4f54-9171-4ae65bac6a38,2024-12-18T10:00:00Z,2024-12-18T10:00:00Z,event,unclassified,"","",,"","",,"",,,,,,,,"","",,,,""
5cf3c51d-f1e6-4293-9cbd-2e714ee0ff38,606ebf7d-5a73-4e9d-9aca-67fab563e496,"",5cf3c51d-f1e6-4293-9cbd-2e714ee0ff38,2022-10-26T10:00:00Z,2022-10-26T10:00:00Z,event,unclassified,"","",,"","",,"",,,,,,,,"","",,,,""
8a9284d6-21ad-437f-afa9-2ccd99a69003,606ebf7d-5a73-4e9d-9aca-67fab563e496,"",8a9284d6-21ad-437f-afa9-2ccd99a69003,2022-10-26T22:00:00Z,2022-10-26T22:00:00Z,event,unclassified,"","",,"","",,"",,,,,,,,"","",,,,""
d8578ba2-0972-4f25-8b7e-8183ee5890f9,606ebf7d-5a73-4e9d-9aca-67fab563e496,"",37851b3b-48fa-4f2a-95a4-2827b516f88f,2022-10-30T00:04:12Z,2022-10-30T00:04:18Z,event,blank,"","",,"","",,"",,,,,,,,human,Patrick Jansen,2022-12-14T14:04:09Z,1,,""
4548e15c-61ca-4e53-bf04-ed8ee4753642,606ebf7d-5a73-4e9d-9aca-67fab563e496,"",01df194e-8e28-4dd0-b2af-7a3a6fef7098,2022-10-31T01:49:23Z,2022-10-31T01:49:34Z,event,animal,"",Sus scrofa,1,adult,"",,4548e15c-61ca-4e53-bf04-ed8ee4753642,,,1.7194831162,,,,,human,Yorick Liefting,2022-12-14T14:05:16Z,1,,""
debc8a21-11a6-4436-88e6-8874a38cf957,606ebf7d-5a73-4e9d-9aca-67fab563e496,"",c253b16e-7b38-4c97-9dca-a8160d0085e6,2022-11-01T07:37:19Z,2022-11-01T07:37:52Z,event,animal,"",Garrulus glandarius,1,adult,"",,"",,,,,,,,human,Patrick Jansen,2022-12-14T14:07:31Z,1,,""
5c6d9969-29d3-42cc-91fb-dd337d46b834,606ebf7d-5a73-4e9d-9aca-67fab563e496,"",e70d47d5-be54-4afb-a489-75cfc341cc2c,2022-11-05T20:07:34Z,2022-11-05T20:07:53Z,event,animal,"",Cervus elaphus,1,adult,male,,"",,,,,,,,human,Patrick Jansen,2022-12-14T14:11:32Z,1,,""
deee60cc-89d7-4f72-9183-f6415e800e09,606ebf7d-5a73-4e9d-9aca-67fab563e496,"",99db8eaf-a4b5-4050-a90b-99261268ec80,2022-11-06T10:33:53Z,2022-11-06T10:34:00Z,event,animal,"",Erithacus rubecula,1,adult,"",,"",,,,,,,,human,Patrick Jansen,2022-12-14T14:12:26Z,1,,""
1fea2cf8-0456-4094-9470-ba030541e984,606ebf7d-5a73-4e9d-9aca-67fab563e496,"",0a134786-ca22-4cf8-bf55-e74e4efef67d,2022-11-08T19:46:24Z,2022-11-08T19:46:30Z,event,animal,"",Martes martes,1,adult,"",,1fea2cf8-0456-4094-9470-ba030541e984,,,0.1768603885,,,,,human,Patrick Jansen,2022-12-19T20:46:35Z,1,,""
21be85db-d92a-4a46-860c-7425cac1985f,606ebf7d-5a73-4e9d-9aca-67fab563e496,"",4a10a695-5b41-4680-b3ae-74bd0ae22099,2022-11-08T20:25:29Z,2022-11-08T20:26:54Z,event,animal,"",Cervus elaphus,1,adult,"",,21be85db-d92a-4a46-860c-7425cac1985f,,,0.2025510045,,,,,human,Laurens Dijkhuis,2022-12-20T11:17:06Z,1,,""
aead0555-d751-4339-b3b3-4813534a7d8f,606ebf7d-5a73-4e9d-9aca-67fab563e496,"",dcfd6085-8084-450d-b7c9-940f74be9d36,2022-11-10T01:40:05Z,2022-11-10T01:40:16Z,event,animal,"",Vulpes vulpes,1,adult,"",,"",,,,,,,,human,Patrick Jansen,2022-12-14T14:14:28Z,1,,""
9d18a0c5-f072-4c06-a4aa-008c080f93a0,606ebf7d-5a73-4e9d-9aca-67fab563e496,"",31bc7a31-dd0f-4f0d-99b6-bc38c26216de,2022-11-11T11:55:05Z,2022-11-11T11:55:11Z,event,animal,"",Capreolus capreolus,1,adult,"",,"",,,,,,,,human,Patrick Jansen,2022-12-14T14:17:17Z,1,,""
e49c3df6-6045-47e9-a6f1-32b61f0e91f3,606ebf7d-5a73-4e9d-9aca-67fab563e496,"",7f4c74d8-de13-4ec5-889d-dcdc52311214,2022-11-11T12:03:59Z,2022-11-11T12:04:05Z,event,animal,"",Capreolus capreolus,1,adult,female,,"",,,,,,,,human,Patrick Jansen,2022-12-14T14:17:43Z,1,,""
44ccfac1-25ad-46c7-8055-bd62c82beac5,606ebf7d-5a73-4e9d-9aca-67fab563e496,"",de3520fe-29b1-48e1-b884-03f72425bb39,2022-11-12T02:09:52Z,2022-11-12T02:10:04Z,event,animal,"",Sus scrofa,1,adult,"",,"",,,,,,,,human,Patrick Jansen,2022-12-14T14:18:11Z,1,,""
b33485f4-2da4-4c48-99f4-03b09bd1f176,606ebf7d-5a73-4e9d-9aca-67fab563e496,"",129257a4-9a72-4416-b386-8b024a75a670,2022-11-23T18:07:14Z,2022-11-23T18:07:19Z,event,animal,"",Martes martes,1,adult,"",,b33485f4-2da4-4c48-99f4-03b09bd1f176,,,,,,,,human,Patrick Jansen,2022-12-19T21:04:25Z,1,,Not enough positions for speed and distance
af70bf27-ebe3-4ffe-8c4f-6adfd581a791,606ebf7d-5a73-4e9d-9aca-67fab563e496,"",bbdf2e57-d9cc-4375-8675-3da7f38b63ae,2022-12-01T10:44:42Z,2022-12-01T10:45:13Z,event,animal,"",Sciurus vulgaris,1,adult,"",,"",,,,,,,,human,Patrick Jansen,2022-12-14T14:44:20Z,1,,""
c1e471d4-0b13-4a6f-812e-c7ef6be2ef2c,606ebf7d-5a73-4e9d-9aca-67fab563e496,"",98d91f95-73dd-40ab-ac1f-74bf070982e4,2022-12-03T07:02:58Z,2022-12-03T07:03:04Z,event,animal,"",Vulpes vulpes,1,adult,"",,c1e471d4-0b13-4a6f-812e-c7ef6be2ef2c,,,4.0606443379,,,,,human,Yorick Liefting,2022-12-19T16:41:34Z,1,,""
8d7d7a87-22a6-4f7b-aa24-330d6b7149fd,606ebf7d-5a73-4e9d-9aca-67fab563e496,"",6e33fdd2-befa-41f6-90ea-68b943ddee22,2022-12-04T11:57:00Z,2022-12-04T11:57:17Z,event,animal,"",Sciurus vulgaris,1,adult,"",,"",,,,,,,,human,Patrick Jansen,2022-12-14T14:49:19Z,1,,""
1b721421-7535-414c-91b2-a45a6d037231,606ebf7d-5a73-4e9d-9aca-67fab563e496,"",8bf47962-365a-4818-88d0-5ea57b74aefd,2022-12-05T09:33:32Z,2022-12-05T09:33:35Z,event,unclassified,setup,"",,"","",,"",,,,,,,,human,Laurens Dijkhuis,2022-12-14T15:32:21Z,1,,""
a6d39846-9a7d-4e3d-a7d8-9183433d9a04,6668d3db-e66e-4831-9bc5-165262867366,"",a6d39846-9a7d-4e3d-a7d8-9183433d9a04,2023-10-20T10:00:00Z,2023-10-20T10:00:00Z,event,unclassified,"","",,"","",,"",,,,,,,,"","",,,,""
9a574004-8f18-4063-81e1-467b8c7196bb,6668d3db-e66e-4831-9bc5-165262867366,"",9a574004-8f18-4063-81e1-467b8c7196bb,2023-10-20T22:00:00Z,2023-10-20T22:00:00Z,event,unclassified,"","",,"","",,"",,,,,,,,"","",,,,""
4d52578f-4ffa-4aec-95b1-2de064432464,6668d3db-e66e-4831-9bc5-165262867366,"",0363d5ad-c320-4b1b-8063-77bb86049b5f,2023-10-22T19:37:22Z,2023-10-22T19:37:27Z,event,animal,"",Meles meles,1,"","",,4d52578f-4ffa-4aec-95b1-2de064432464,,,0.2862745952,,,,,human,Anouk van der Schaaf,2023-12-15T11:01:01Z,1,,""
b53064b9-1cef-4643-ae33-3e973f414b5b,6668d3db-e66e-4831-9bc5-165262867366,"",4663ef91-4465-40d9-8c3c-ac109ebe2b67,2023-10-23T03:42:55Z,2023-10-23T03:43:01Z,event,animal,"",Vulpes vulpes,1,"","",,"",,,,,,,,human,Anouk van der Schaaf,2023-12-15T11:01:34Z,1,,""
de0e19ba-2eba-4f77-9c99-09c72a732f15,6668d3db-e66e-4831-9bc5-165262867366,"",d805f9b9-c5c8-419a-a18a-5775fbf5816d,2023-10-24T02:05:18Z,2023-10-24T02:05:23Z,event,animal,"",Vulpes vulpes,1,"","",,"",,,,,,,,human,Anouk van der Schaaf,2023-12-15T11:02:05Z,1,,""
e716f9a5-3e93-49f5-b99a-1aacf3c326a2,6668d3db-e66e-4831-9bc5-165262867366,"",d31ce9c5-0e7d-4d6c-9fe0-2012abd07fad,2023-10-25T19:10:37Z,2023-10-25T19:10:44Z,event,blank,"","",,"","",,"",,,,,,,,human,Anouk van der Schaaf,2023-12-15T11:02:28Z,1,,""
c4c72288-e71b-4ecc-b0d1-766ba8bcea90,6668d3db-e66e-4831-9bc5-165262867366,"",84356694-f3cf-4df3-9a48-2ab074d008d4,2023-10-26T05:24:05Z,2023-10-26T05:24:25Z,event,animal,"",Cervus elaphus,1,adult,male,,c4c72288-e71b-4ecc-b0d1-766ba8bcea90,,,1.9120385147,,,,,human,Laurens Dijkhuis,2023-12-15T11:02:45Z,1,,""
02abb5b4-7f65-4896-9844-92126999a8d4,6668d3db-e66e-4831-9bc5-165262867366,"",f5716c96-11c1-475b-b131-ed30fd850504,2023-10-28T20:33:12Z,2023-10-28T20:33:18Z,event,animal,"",Sus scrofa,2,"","",,"",,,,,,,,human,Anouk van der Schaaf,2023-12-15T11:04:01Z,1,,""
d2be1b2c-64f8-4ea9-894d-c6041695dc00,6668d3db-e66e-4831-9bc5-165262867366,"",0217fe21-db2e-4bd0-876f-c44465295fec,2023-11-01T17:49:27Z,2023-11-01T17:49:33Z,event,unknown,"","",,"","",,"",,,,,,,,human,Anouk van der Schaaf,2023-12-15T11:13:25Z,1,,""
64bd3bbc-805c-47aa-a786-b8a71113dbdb,6668d3db-e66e-4831-9bc5-165262867366,"",2c3d50f3-97c6-4816-9fa1-2ae937ca50e6,2023-11-01T19:41:13Z,2023-11-01T19:41:18Z,event,animal,"",Sus scrofa,1,"","",,"",,,,,,,,human,Anouk van der Schaaf,2023-12-15T11:13:45Z,1,,""
a68eb88d-0427-4990-abf8-909216c45299,6668d3db-e66e-4831-9bc5-165262867366,"",a68eb88d-0427-4990-abf8-909216c45299,2023-11-02T22:00:00Z,2023-11-02T22:00:00Z,event,unclassified,"","",,"","",,"",,,,,,,,"","",,,,""
c4425776-2c01-4377-91f8-4f99709b5949,6668d3db-e66e-4831-9bc5-165262867366,"",c4425776-2c01-4377-91f8-4f99709b5949,2023-11-14T10:00:00Z,2023-11-14T10:00:00Z,event,unclassified,"","",,"","",,"",,,,,,,,"","",,,,""
769d023f-00b2-44b5-9336-c6013bcd9841,6668d3db-e66e-4831-9bc5-165262867366,"",7be7033c-c9bf-4105-92cc-f69c55f4e5f5,2023-11-17T08:19:07Z,2023-11-17T08:19:12Z,event,animal,"",Capreolus capreolus,2,"","",,"",,,,,,,,human,Anouk van der Schaaf,2023-12-15T11:19:32Z,1,,""
ca39652a-614c-407b-b516-73208aa73f31,6668d3db-e66e-4831-9bc5-165262867366,"",4025aed8-2cfa-4a97-ae56-1696c0a40dc6,2023-11-19T15:15:03Z,2023-11-19T15:15:09Z,event,animal,"",Capreolus capreolus,1,"","",,"",,,,,,,,human,Anouk van der Schaaf,2023-12-15T11:20:41Z,1,,""
59efd888-0145-4eae-80b1-5799d8961040,6668d3db-e66e-4831-9bc5-165262867366,"",59efd888-0145-4eae-80b1-5799d8961040,2023-11-24T10:00:00Z,2023-11-24T10:00:00Z,event,unclassified,"","",,"","",,"",,,,,,,,"","",,,,""
6f27145a-38f6-4966-9261-652f12fccc6b,6668d3db-e66e-4831-9bc5-165262867366,"",6f27145a-38f6-4966-9261-652f12fccc6b,2023-12-04T10:00:00Z,2023-12-04T10:00:00Z,event,unclassified,"","",,"","",,"",,,,,,,,"","",,,,""
19703c4d-aee1-4a6b-b5e9-37af2751eab7,6668d3db-e66e-4831-9bc5-165262867366,"",19703c4d-aee1-4a6b-b5e9-37af2751eab7,2023-12-12T10:00:00Z,2023-12-12T10:00:00Z,event,unclassified,"","",,"","",,"",,,,,,,,"","",,,,""
96f05ecc-694f-4289-86c9-43943791e6c2,6668d3db-e66e-4831-9bc5-165262867366,"",12ff7f2d-46b8-4f4e-a062-f3378b98d471,2023-12-12T12:22:23Z,2023-12-12T12:23:10Z,event,unclassified,setup,"",,"","",,"",,,,,,,,human,Anouk van der Schaaf,2023-12-18T19:51:22Z,1,,""
b88a654c-1790-4707-9fc6-a19fe0ff7483,66adeb89-77b6-45a9-84b9-6e099a15978e,"",b88a654c-1790-4707-9fc6-a19fe0ff7483,2024-10-16T10:00:00Z,2024-10-16T10:00:00Z,event,unclassified,"","",,"","",,"",,,,,,,,"","",,,,""
d2646976-177e-4be2-890f-3462c5222338,66adeb89-77b6-45a9-84b9-6e099a15978e,"",23c1721f-425b-48d9-900d-a1c816312633,2024-10-16T18:45:05Z,2024-10-16T18:45:18Z,event,animal,"",Sus scrofa,1,"","",,"",,,,,,,,human,Bart van Rossum,2025-01-02T10:08:42Z,1,,""
2251774f-9f67-4b73-9d50-460bb7d044de,66adeb89-77b6-45a9-84b9-6e099a15978e,"",7a5cf52b-f120-4f97-bb7b-fdedbf0b1c15,2024-10-18T00:30:27Z,2024-10-18T00:30:32Z,event,blank,"","",,"","",,"",,,,,,,,human,Bart van Rossum,2025-01-02T10:08:56Z,1,,""
1d8efaba-f012-410e-84c4-a3fc0927f454,66adeb89-77b6-45a9-84b9-6e099a15978e,"",9e7d0915-de39-4c03-8230-44612fb0acca,2024-10-21T17:49:25Z,2024-10-21T17:49:32Z,event,animal,"",Capreolus capreolus,1,"","",,"",,,,,,,,human,Bart van Rossum,2025-01-02T10:09:27Z,1,,""
923c4c47-4209-4926-a1e5-40fe364a6057,66adeb89-77b6-45a9-84b9-6e099a15978e,"",b3abdd46-d3a8-4a86-883c-b7f01f7f2ccd,2024-10-23T21:08:45Z,2024-10-23T21:08:52Z,event,animal,"",Sus scrofa,1,"","",,"",,,,,,,,human,Bart van Rossum,2025-01-02T10:09:33Z,1,,""
21134726-acbd-4210-b3c3-3789ce937537,66adeb89-77b6-45a9-84b9-6e099a15978e,"",26b93714-d66b-4452-87ac-c61c3347f860,2024-10-24T07:34:27Z,2024-10-24T07:34:33Z,event,animal,"",Sus scrofa,1,"","",,"",,,,,,,,human,Bart van Rossum,2025-01-02T10:18:42Z,1,,""
96f29650-f050-401f-8654-3f6569856ea8,66adeb89-77b6-45a9-84b9-6e099a15978e,"",1c8223e5-5d46-43e6-a8e1-2077c2f27f30,2024-10-25T02:18:26Z,2024-10-25T02:18:42Z,event,unknown,"","",,"","",,"",,,,,,,,human,Bart van Rossum,2025-01-02T10:19:04Z,1,,""
cc88eb08-4aad-4628-8c12-aff84030f8f6,66adeb89-77b6-45a9-84b9-6e099a15978e,"",666599a2-0d35-4415-a221-1f1fddec7fd6,2024-10-27T20:21:26Z,2024-10-27T20:21:32Z,event,animal,"",Capreolus capreolus,1,"","",,"",,,,,,,,human,Bart van Rossum,2025-01-02T10:22:48Z,1,,""
d2851a36-0578-4a69-b93b-88a974a6cd03,66adeb89-77b6-45a9-84b9-6e099a15978e,"",1addfbf0-2194-44be-9e91-c01ef9909e6f,2024-11-09T07:39:51Z,2024-11-09T07:39:56Z,event,animal,"",Capreolus capreolus,2,"","",,"",,,,,,,,human,Bart van Rossum,2025-01-02T10:42:24Z,1,,""
055344a3-04ea-48e5-9835-53518ec1f7cd,66adeb89-77b6-45a9-84b9-6e099a15978e,"",639546aa-5a92-495d-8db3-e34189a418da,2024-11-13T17:32:40Z,2024-11-13T17:32:46Z,event,animal,"",Vulpes vulpes,1,"","",,"",,,,,,,,human,Bart van Rossum,2025-01-02T10:46:23Z,1,,""
0d1542d1-d04e-44eb-90ae-5cfbecf24fb1,66adeb89-77b6-45a9-84b9-6e099a15978e,"",34425230-e083-4b0c-9b2c-c33cd97a4e5e,2024-11-13T23:20:58Z,2024-11-13T23:21:03Z,event,animal,"",Vulpes vulpes,1,"","",,"",,,,,,,,human,Bart van Rossum,2025-01-02T10:46:39Z,1,,""
e9751e61-7246-4cb0-8993-a018d4c4dd34,66adeb89-77b6-45a9-84b9-6e099a15978e,"",5bbdffd5-27d7-432e-9583-187d3427fbdb,2024-11-22T20:17:26Z,2024-11-22T20:17:32Z,event,animal,"",Meles meles,1,"","",,"",,,,,,,,human,Bart van Rossum,2025-01-02T11:24:48Z,1,,""
51ac7432-f7dc-4a84-8990-0087aeeed3c8,66adeb89-77b6-45a9-84b9-6e099a15978e,"",844df086-2d3a-42b9-839f-0feeae61841f,2024-11-23T10:54:59Z,2024-11-23T10:55:04Z,event,animal,"",Cervus elaphus,1,"","",,"",,,,,,,,human,Bart van Rossum,2025-01-02T11:24:56Z,1,,""
379c52ec-f64b-44fa-95ee-5129414a1c30,66adeb89-77b6-45a9-84b9-6e099a15978e,"",2b703503-52ac-49db-a7c7-d5e9c9b70ec3,2024-11-23T21:22:37Z,2024-11-23T21:22:43Z,event,animal,"",Cervus elaphus,1,"","",,"",,,,,,,,human,Bart van Rossum,2025-01-02T11:25:07Z,1,,""
77a165fd-1f61-4dda-95ff-40e0659dfe6a,66adeb89-77b6-45a9-84b9-6e099a15978e,"",4c647226-873c-4dc4-a941-fe6bb15f8cc3,2024-11-29T18:33:36Z,2024-11-29T18:33:41Z,event,animal,"",Martes martes,1,"","",,"",,,,,,,,human,Bart van Rossum,2025-01-02T11:39:08Z,0.5,,""
2e2eec0b-0282-4cca-a965-95316cfde3d2,66adeb89-77b6-45a9-84b9-6e099a15978e,"",90121c76-3a93-4e9f-9958-98b5523c251e,2024-12-02T16:54:24Z,2024-12-02T16:54:29Z,event,animal,"",Vulpes vulpes,1,"","",,2e2eec0b-0282-4cca-a965-95316cfde3d2,,,0.904116598,,,,,human,Bart van Rossum,2025-01-02T11:40:20Z,1,,""
bf87c72a-cc20-46ca-bfdc-edc5116f6b5e,66adeb89-77b6-45a9-84b9-6e099a15978e,"",bf87c72a-cc20-46ca-bfdc-edc5116f6b5e,2024-12-17T22:00:00Z,2024-12-17T22:00:00Z,event,unclassified,"","",,"","",,"",,,,,,,,"","",,,,""
54a24d69-bfac-407b-91d1-19678d34ba04,66adeb89-77b6-45a9-84b9-6e099a15978e,"",72a0ec3d-f8df-42a6-be15-63a3fb61ba9b,2024-12-18T09:17:50Z,2024-12-18T09:18:30Z,event,unclassified,setup,"",,"","",,"",,,,,,,,human,Bart van Rossum,2025-01-02T11:53:05Z,1,,""
6f13bc82-d341-4cd9-8a83-3b8d16a0df73,7455c98b-8fba-4315-83f8-1f105c5838bd,"",e4a7ef6a-f7f8-45e0-be98-45653ea57c8f,2023-10-16T10:00:00Z,2023-10-16T10:00:00Z,event,blank,"","",,"","",,"",,,,,,,,machine,Europe v5,2023-12-19T22:22:12Z,,,""
42492a85-c7f6-41aa-bd0f-d4adfe453aa2,7455c98b-8fba-4315-83f8-1f105c5838bd,"",b19d4706-5c0a-49b2-9637-c2204d1cde08,2023-10-16T22:00:00Z,2023-10-16T22:00:00Z,event,animal,"",Sus scrofa,1,"","",,"",,,,,,,,machine,Europe v5,2023-12-19T22:22:20Z,0.83,,""
6b0a11e3-9554-402a-a5c1-59c65ebc0fc8,7455c98b-8fba-4315-83f8-1f105c5838bd,"",b50233aa-040f-4e9c-aa08-fdcda5b68f95,2023-10-17T10:00:00Z,2023-10-17T10:00:00Z,event,blank,"","",,"","",,"",,,,,,,,machine,Europe v5,2023-12-19T22:22:52Z,,,""
da686eec-778a-4866-b448-7c1af36eb9b0,7455c98b-8fba-4315-83f8-1f105c5838bd,"",43543ed3-b4c4-4b62-ada6-85d5c8b25fc2,2023-10-19T04:01:38Z,2023-10-19T04:01:44Z,event,animal,"",Vulpes vulpes,1,"","",,"",,,,,,,,machine,Europe v5,2023-12-19T23:12:42Z,0.93,,""
e96be89f-7577-4909-96be-db6103241a9a,7455c98b-8fba-4315-83f8-1f105c5838bd,"",d835fe52-4338-4c05-a476-94dce572e570,2023-10-19T10:12:15Z,2023-10-19T10:12:39Z,event,human,"",Homo sapiens,1,adult,male,,"",,,,,,,,human,Patrick Jansen,2023-12-19T21:54:38Z,1,,""
7d5f64a1-38f5-4981-a1e6-a06cb5c62548,7455c98b-8fba-4315-83f8-1f105c5838bd,"",7f481873-d0e5-4ad2-bb0e-f6a9f3706a9b,2023-10-20T04:49:50Z,2023-10-20T04:49:55Z,event,animal,"",Vulpes vulpes,1,"","",,"",,,,,,,,machine,Europe v5,2023-12-19T21:53:29Z,0.86,,""
d2dba2ad-64fe-4e21-a1a0-0c49e265c76c,7455c98b-8fba-4315-83f8-1f105c5838bd,"",5e33e84a-5f2d-4024-a48e-338daa9634fa,2023-10-20T04:56:08Z,2023-10-20T04:56:13Z,event,animal,"",Martes martes,1,adult,"",,d2dba2ad-64fe-4e21-a1a0-0c49e265c76c,,,0.7634357669,,,,,human,Anouk van der Schaaf,2023-12-19T21:56:27Z,1,,""
29b32d18-ebcd-4194-bd96-a664de906468,7455c98b-8fba-4315-83f8-1f105c5838bd,"",29b32d18-ebcd-4194-bd96-a664de906468,2023-10-20T22:00:00Z,2023-10-20T22:00:00Z,event,unclassified,"","",,"","",,"",,,,,,,,"","",,,,""
99afa9f7-ae45-428a-a956-019dd9c5f6a3,7455c98b-8fba-4315-83f8-1f105c5838bd,"",771f2e41-8f2b-43e4-a009-2787dc743bf5,2023-10-22T22:00:00Z,2023-10-22T22:00:00Z,event,animal,"",Sus scrofa,1,"","",,"",,,,,,,,machine,Europe v5,2023-12-19T22:27:13Z,0.85,,""
8b375794-c0b2-4715-bc3c-31273ed7f240,7455c98b-8fba-4315-83f8-1f105c5838bd,"",c64e6d23-a6ee-487c-855b-195c76ee0573,2023-10-26T04:32:54Z,2023-10-26T04:33:00Z,event,animal,"",Cervus elaphus,1,adult,female,,"",,,,,,,,human,Patrick Jansen,2023-12-19T23:12:33Z,1,,""
81202723-83de-4bd6-8762-455ff674b757,7455c98b-8fba-4315-83f8-1f105c5838bd,"",61d3a411-e2c4-4d0c-87d2-bda1c051d621,2023-11-04T08:41:57Z,2023-11-04T08:42:04Z,event,animal,"",Columba palumbus,5,adult,"",,"",,,,,,,,human,Patrick Jansen,2023-12-24T07:37:59Z,1,,""
b88338b5-52e3-45db-a78b-cda88c7216eb,7455c98b-8fba-4315-83f8-1f105c5838bd,"",d6a8e4e1-b8f9-44b8-8f5f-568ef0c25531,2023-11-05T10:34:59Z,2023-11-05T10:35:04Z,event,animal,"",Columba palumbus,1,adult,"",,"",,,,,,,,human,Patrick Jansen,2023-12-19T22:16:16Z,1,,""
3e051ed2-3fda-4ee7-b19d-9883f8bed7aa,7455c98b-8fba-4315-83f8-1f105c5838bd,"",17deac65-2d66-4971-9841-9cc57c55f588,2023-11-22T21:10:14Z,2023-11-22T21:10:26Z,event,animal,"",Sus scrofa,1,"","",,"",,,,,,,,machine,Europe v5,2023-12-19T23:19:06Z,0.86,,""
79c69d13-fd58-4a0b-a42f-32beb5450bf1,7455c98b-8fba-4315-83f8-1f105c5838bd,"",17deac65-2d66-4971-9841-9cc57c55f588,2023-11-22T21:10:14Z,2023-11-22T21:10:26Z,event,animal,"",Vulpes vulpes,1,"","",,"",,,,,,,,machine,Europe v5,2023-12-19T23:19:05Z,0.88,,""
bd7ee50d-0d12-4a5a-b328-702ce50de1ab,7455c98b-8fba-4315-83f8-1f105c5838bd,"",17deac65-2d66-4971-9841-9cc57c55f588,2023-11-22T21:10:14Z,2023-11-22T21:10:26Z,event,animal,"",Cervus elaphus,1,"","",,"",,,,,,,,machine,Europe v5,2023-12-19T23:19:08Z,0.81,,""
5512e31b-299e-4f41-bb48-57e190c58655,7455c98b-8fba-4315-83f8-1f105c5838bd,"",67101006-082e-4e88-ad8c-cc84eda467ab,2023-11-24T19:27:40Z,2023-11-24T19:27:47Z,event,animal,"",Capreolus capreolus,1,adult,"",,"",,,,,,,,human,Patrick Jansen,2023-12-19T22:13:19Z,1,,""
d8622420-4d25-4a19-8ca6-1a87eaef2a24,7455c98b-8fba-4315-83f8-1f105c5838bd,"",b8814c46-1b56-4289-8d0f-bd258d9aa2e9,2023-11-24T23:52:34Z,2023-11-24T23:52:40Z,event,animal,"",Capreolus capreolus,1,"","",,"",,,,,,,,machine,Europe v5,2023-12-19T22:08:11Z,0.96,,""
4a9d451c-b6a4-415c-aef0-e76ea8cb3db2,7455c98b-8fba-4315-83f8-1f105c5838bd,"",aa0b1ce2-350d-462e-a622-9ac64998a7be,2023-11-30T10:00:00Z,2023-11-30T10:00:00Z,event,animal,"",Rodentia,1,"","",,"",,,,,,,,machine,Europe v5,2023-12-19T22:58:57Z,0.81,,""
c6b7a241-37b3-4783-b173-c7b5c867a064,7455c98b-8fba-4315-83f8-1f105c5838bd,"",2fa792d3-343e-4e89-afd1-20af2e1ef6dd,2023-12-05T19:32:48Z,2023-12-05T19:32:54Z,event,animal,"",Martes martes,1,adult,"",,c6b7a241-37b3-4783-b173-c7b5c867a064,,,1.4671411067,,,,,human,Anouk van der Schaaf,2023-12-19T22:19:57Z,1,,""
7cf05ba3-4b2e-45e5-87d4-09451dd4840e,7455c98b-8fba-4315-83f8-1f105c5838bd,"",4b7b208f-e4f8-438f-9e11-37c4fdfb47cf,2023-12-11T08:20:32Z,2023-12-11T08:21:22Z,event,unclassified,setup,"",,"","",,"",,,,,,,,human,Patrick Jansen,2023-12-26T08:59:25Z,1,,""
4052a63c-172b-49da-81b0-d3d9841facb0,80878653-54ea-4a88-873c-f9edbc3f6c90,"",ff6ecc51-4e25-4897-90f6-94cfd55f9c09,2023-10-16T19:16:42Z,2023-10-16T19:16:48Z,event,animal,"",Sus scrofa,1,"","",,"",,,,,,,,human,Laurens Dijkhuis,2023-12-15T09:34:52Z,1,,""
a4eb39d3-1310-4097-b956-2a6d51035901,80878653-54ea-4a88-873c-f9edbc3f6c90,"",e9a07915-ec4f-4047-a919-e17380e1bc3c,2023-10-16T19:33:03Z,2023-10-16T19:34:54Z,event,animal,"",Cervus elaphus,4,"","",,"",,,,,,,,human,Laurens Dijkhuis,2023-12-15T09:35:30Z,1,,""
31d399de-14b7-4892-b9af-75ffa55df43f,80878653-54ea-4a88-873c-f9edbc3f6c90,"",31d399de-14b7-4892-b9af-75ffa55df43f,2023-10-16T22:00:00Z,2023-10-16T22:00:00Z,event,unclassified,"","",,"","",,"",,,,,,,,"","",,,,""
7933581b-3740-49d4-8076-a502407e23ac,80878653-54ea-4a88-873c-f9edbc3f6c90,"",6ed9e6c1-9de8-489c-bc7a-b732df8a51ad,2023-10-16T23:50:49Z,2023-10-16T23:50:56Z,event,animal,"",Sus scrofa,1,"","",,"",,,,,,,,human,Laurens Dijkhuis,2023-12-15T09:35:38Z,1,,""
d644b0f6-7355-4afa-a204-f353341e13f4,80878653-54ea-4a88-873c-f9edbc3f6c90,"",30fc3e75-1825-4650-9a63-69f765725da4,2023-10-17T21:07:16Z,2023-10-17T21:07:21Z,event,unknown,"","",,"","",,"",,,,,,,,human,Laurens Dijkhuis,2023-12-15T09:36:21Z,1,,""
f9f8bb8f-5676-4bbe-96ff-a539c660c85c,80878653-54ea-4a88-873c-f9edbc3f6c90,"",8da686b3-30ba-49f3-a3bb-a97b9d6dc59f,2023-10-21T04:34:58Z,2023-10-21T04:35:05Z,event,animal,"",Cervus elaphus,1,"","",,"",,,,,,,,human,Laurens Dijkhuis,2023-12-15T09:37:06Z,1,,""
481259f0-971d-4975-9fd0-c24495dc08fe,80878653-54ea-4a88-873c-f9edbc3f6c90,"",f54b0402-79bf-4da8-8d4f-d958c75c9f09,2023-10-22T05:03:00Z,2023-10-22T05:03:06Z,event,animal,"",Cervus elaphus,1,"","",,"",,,,,,,,human,Laurens Dijkhuis,2023-12-15T09:37:17Z,1,,""
f8947206-b1d6-4a85-81dd-a18091ae2310,80878653-54ea-4a88-873c-f9edbc3f6c90,"",23a8ff3c-0d97-4da4-99da-4b9344526286,2023-10-23T10:23:50Z,2023-10-23T10:23:56Z,event,blank,"","",,"","",,"",,,,,,,,human,Laurens Dijkhuis,2023-12-15T09:37:29Z,1,,""
c50f1fbf-12cf-4b0f-aa92-ae40f335cbcd,80878653-54ea-4a88-873c-f9edbc3f6c90,"",12194cde-a0ae-4c98-a1ef-314caaef87da,2023-10-23T10:38:42Z,2023-10-23T10:38:48Z,event,animal,"",Parus major,1,"","",,"",,,,,,,,human,Patrick Jansen,2023-12-15T09:37:48Z,0.5,,""
2df39ee3-1ab2-48c9-8c68-7b72b204d30b,80878653-54ea-4a88-873c-f9edbc3f6c90,"",4451aaef-61e2-4430-bd22-cb30e84cf9c8,2023-10-24T20:09:54Z,2023-10-24T20:10:00Z,event,animal,"",Sus scrofa,3,juvenile,"",,"",,,,,,,,human,Laurens Dijkhuis,2023-12-15T09:38:19Z,1,,""
66cb37e1-781f-4e1a-bc55-f43a21f80ce5,80878653-54ea-4a88-873c-f9edbc3f6c90,"",4451aaef-61e2-4430-bd22-cb30e84cf9c8,2023-10-24T20:09:54Z,2023-10-24T20:10:00Z,event,animal,"",Sus scrofa,2,adult,female,,"",,,,,,,,human,Laurens Dijkhuis,2023-12-15T09:38:13Z,1,,""
e59b2a70-1107-4b6a-a816-2c81f1cb0a8c,80878653-54ea-4a88-873c-f9edbc3f6c90,"",7150cafd-8634-4d8c-8a1f-b5282b980efc,2023-11-03T02:55:22Z,2023-11-03T02:55:30Z,event,animal,"",Capreolus capreolus,1,adult,female,,"",,,,,,,,human,Laurens Dijkhuis,2023-12-15T09:39:19Z,1,,""
8320cb72-0b8a-4196-87be-ce4c0e8fa9a5,80878653-54ea-4a88-873c-f9edbc3f6c90,"",ac2dc5ce-996b-42ba-a9b6-edd15e485dd7,2023-11-04T20:07:26Z,2023-11-04T20:07:31Z,event,animal,"",Canis lupus,1,adult,"",,8320cb72-0b8a-4196-87be-ce4c0e8fa9a5,,,4.1617796431,,,,,human,Anouk van der Schaaf,2023-12-15T09:39:44Z,1,,""
04a3a375-e675-4d99-a08a-bdc1b399135f,80878653-54ea-4a88-873c-f9edbc3f6c90,"",04a3a375-e675-4d99-a08a-bdc1b399135f,2023-11-05T22:00:00Z,2023-11-05T22:00:00Z,event,unclassified,"","",,"","",,"",,,,,,,,"","",,,,""
a2113081-1502-4f2b-8d25-fda02ed8d6c4,80878653-54ea-4a88-873c-f9edbc3f6c90,"",fdf9b7ec-9472-4cdc-a00b-b613b64a3a96,2023-11-09T23:16:22Z,2023-11-09T23:16:28Z,event,animal,"",Capreolus capreolus,1,"","",,"",,,,,,,,human,Laurens Dijkhuis,2023-12-15T09:40:07Z,1,,""
2a4f8fe3-2ff9-41ae-ae2f-a97bcb57a33e,80878653-54ea-4a88-873c-f9edbc3f6c90,"",28b7b624-c44e-48bb-a4d5-8d34157a4874,2023-11-21T19:33:03Z,2023-11-21T19:33:14Z,event,animal,"",Cervus elaphus,1,"","",,"",,,,,,,,human,Laurens Dijkhuis,2023-12-15T09:44:35Z,1,,""
830cc4d0-e247-4a1b-b22f-4d4b7662e22e,80878653-54ea-4a88-873c-f9edbc3f6c90,"",976a48b4-7e9a-4090-95c9-22f08d23cc7d,2023-12-08T09:17:10Z,2023-12-08T09:17:16Z,event,animal,"",Canis lupus familiaris,1,"","",,"",,,,,,,,human,Laurens Dijkhuis,2023-12-15T09:46:33Z,1,,""
985734a8-dede-424c-be85-f18ae83bd165,80878653-54ea-4a88-873c-f9edbc3f6c90,"",985734a8-dede-424c-be85-f18ae83bd165,2023-12-11T10:00:00Z,2023-12-11T10:00:00Z,event,unclassified,"","",,"","",,"",,,,,,,,"","",,,,""
360d04c0-6417-41e1-a693-058e7e72ec2a,80878653-54ea-4a88-873c-f9edbc3f6c90,"",cfebe5a0-6709-4420-a34e-61c718ba2ce9,2023-12-11T10:57:40Z,2023-12-11T10:57:43Z,event,unclassified,setup,"",,"","",,"",,,,,,,,human,Laurens Dijkhuis,2023-12-15T09:46:51Z,1,,""
763a491c-b014-4716-99d6-fce694ac31f5,8671dba8-f49e-40dc-b304-1cb228d4b52a,"",763a491c-b014-4716-99d6-fce694ac31f5,2023-10-18T22:00:00Z,2023-10-18T22:00:00Z,event,unclassified,"","",,"","",,"",,,,,,,,"","",,,,""
ad8e3c0e-7739-414a-be6b-ad02cff8681a,8671dba8-f49e-40dc-b304-1cb228d4b52a,"",ad8e3c0e-7739-414a-be6b-ad02cff8681a,2023-10-19T10:00:00Z,2023-10-19T10:00:00Z,event,unclassified,"","",,"","",,"",,,,,,,,"","",,,,""
e3289411-fe7d-41bb-93a6-8566d3eb24f6,8671dba8-f49e-40dc-b304-1cb228d4b52a,"",a89f6152-1c94-4b08-9424-6e40b60face3,2023-10-19T18:21:36Z,2023-10-19T18:21:42Z,event,animal,"",Sus scrofa,1,"","",,"",,,,,,,,human,Yorick Liefting,2023-12-18T10:12:10Z,1,,""
2422f50d-48c7-45f0-9031-bea90741fe35,8671dba8-f49e-40dc-b304-1cb228d4b52a,"",238145ce-df90-4084-8dfc-a52712884a87,2023-10-23T00:54:34Z,2023-10-23T00:54:40Z,event,animal,"",Capreolus capreolus,1,"","",,2422f50d-48c7-45f0-9031-bea90741fe35,,,2.0619923503,,,,,human,Jari Bos,2023-12-18T10:12:22Z,1,,""
b45b8dda-d687-487d-8ba1-6284bd00c684,8671dba8-f49e-40dc-b304-1cb228d4b52a,"",7d36735d-2b04-4d38-a9ba-12732084760e,2023-10-24T21:21:46Z,2023-10-24T21:21:51Z,event,animal,"",Capreolus capreolus,1,"","",,"",,,,,,,,human,Yorick Liefting,2023-12-18T10:13:09Z,1,,""
2ee521b0-d314-47ce-a559-b7cd9a683a7c,8671dba8-f49e-40dc-b304-1cb228d4b52a,"",f4f27524-37d3-4748-b05c-119e32adf25c,2023-10-25T05:37:47Z,2023-10-25T05:37:52Z,event,animal,"",Cervus elaphus,1,adult,male,,2ee521b0-d314-47ce-a559-b7cd9a683a7c,,,1.6300030626,,,,,human,Laurens Dijkhuis,2023-12-18T10:13:20Z,1,,broken antler
1d7e50f7-3f1d-4a91-8d59-324d6970ebd3,8671dba8-f49e-40dc-b304-1cb228d4b52a,"",1d7e50f7-3f1d-4a91-8d59-324d6970ebd3,2023-11-01T10:00:00Z,2023-11-01T10:00:00Z,event,unclassified,"","",,"","",,"",,,,,,,,"","",,,,""
920ea8b6-d271-4403-8e0b-31f4b3e6fa99,8671dba8-f49e-40dc-b304-1cb228d4b52a,"",b0365b8e-be82-41b9-a41d-6fcee1290861,2023-11-03T03:49:45Z,2023-11-03T03:49:50Z,event,animal,"",Sus scrofa,1,"","",,"",,,,,,,,human,Yorick Liefting,2023-12-18T10:14:37Z,1,,""
d52437c7-8a3b-4763-9520-ee855d8587f7,8671dba8-f49e-40dc-b304-1cb228d4b52a,"",1287d775-4177-453b-9dab-f467f70fd305,2023-11-04T15:53:47Z,2023-11-04T15:53:54Z,event,blank,"","",,"","",,"",,,,,,,,human,Yorick Liefting,2023-12-18T10:14:44Z,1,,""
875ab9a8-9e19-4010-afeb-2c50bd608482,8671dba8-f49e-40dc-b304-1cb228d4b52a,"",875ab9a8-9e19-4010-afeb-2c50bd608482,2023-11-12T10:00:00Z,2023-11-12T10:00:00Z,event,unclassified,"","",,"","",,"",,,,,,,,"","",,,,""
c7bb7706-c561-4412-b016-43da1648367d,8671dba8-f49e-40dc-b304-1cb228d4b52a,"",a2d59f5c-3f09-4359-ad0a-8acd302cd32c,2023-11-21T05:34:33Z,2023-11-21T05:34:39Z,event,animal,"",Canis lupus,1,"","",,c7bb7706-c561-4412-b016-43da1648367d,,,0.9026646897,,,,,human,Anouk van der Schaaf,2023-12-18T10:17:24Z,1,,""
c0ea3363-896d-482c-8032-f8f04858cd94,8671dba8-f49e-40dc-b304-1cb228d4b52a,"",b1b9d1a3-b94e-4ed1-9585-96b17ceb269e,2023-11-21T05:37:57Z,2023-11-21T05:38:03Z,event,animal,"",Canis lupus,1,"","",,c0ea3363-896d-482c-8032-f8f04858cd94,,,4.4489097696,,,,,human,Anouk van der Schaaf,2023-12-18T10:17:34Z,1,,""
cf71b600-43cf-4bdf-a3de-c23d25e67e98,8671dba8-f49e-40dc-b304-1cb228d4b52a,"",cf71b600-43cf-4bdf-a3de-c23d25e67e98,2023-11-21T22:00:00Z,2023-11-21T22:00:00Z,event,unclassified,"","",,"","",,"",,,,,,,,"","",,,,""
7c046d03-0d5d-464a-9104-c237d07ede51,8671dba8-f49e-40dc-b304-1cb228d4b52a,"",863705d5-dade-4521-a1f9-cddba8756b4f,2023-11-24T08:50:12Z,2023-11-24T08:50:18Z,event,animal,"",Cervus elaphus,1,"","",,"",,,,,,,,human,Yorick Liefting,2023-12-18T10:19:23Z,1,,""
942a7450-bccc-43d9-a231-a5e8e8b7085e,8671dba8-f49e-40dc-b304-1cb228d4b52a,"",2c7ec565-24a7-419a-839e-3dde60d70ee7,2023-11-25T06:45:36Z,2023-11-25T06:45:49Z,event,human,"",Homo sapiens,1,adult,"",,"",,,,,,,,human,Patrick Jansen,2023-12-18T10:19:40Z,1,,Poacher
d53a55f3-c565-42ae-b1b3-992cf3eb4279,8671dba8-f49e-40dc-b304-1cb228d4b52a,"",d53a55f3-c565-42ae-b1b3-992cf3eb4279,2023-11-30T22:00:00Z,2023-11-30T22:00:00Z,event,unclassified,"","",,"","",,"",,,,,,,,"","",,,,""
04464cb8-46af-4930-951a-c438388349a3,8671dba8-f49e-40dc-b304-1cb228d4b52a,"",04464cb8-46af-4930-951a-c438388349a3,2023-12-11T22:00:00Z,2023-12-11T22:00:00Z,event,unclassified,"","",,"","",,"",,,,,,,,"","",,,,""
ab8a5599-8d9c-4973-8690-4fb2bdf40a36,8671dba8-f49e-40dc-b304-1cb228d4b52a,"",1d84d19b-bc05-422f-8d51-4106391314a5,2023-12-12T08:48:15Z,2023-12-12T08:49:11Z,event,unclassified,setup,"",,"","",,"",,,,,,,,human,Yorick Liefting,2023-12-18T10:21:19Z,1,,""
69641806-3e73-40e9-9791-40b44e0e71b0,882dfc41-89db-404c-b931-67e5707dd14e,"",69641806-3e73-40e9-9791-40b44e0e71b0,2024-10-14T10:00:00Z,2024-10-14T10:00:00Z,event,unclassified,"","",,"","",,"",,,,,,,,"","",,,,""
d57ea454-06d5-4215-83ea-26d82fc894fc,882dfc41-89db-404c-b931-67e5707dd14e,"",d57ea454-06d5-4215-83ea-26d82fc894fc,2024-10-14T22:00:00Z,2024-10-14T22:00:00Z,event,unclassified,"","",,"","",,"",,,,,,,,"","",,,,""
2847f23e-f12c-4df8-83d4-5022ea7b9205,882dfc41-89db-404c-b931-67e5707dd14e,"",89aed64b-8841-46e0-bfaa-f3594fa9e72d,2024-10-17T09:58:00Z,2024-10-17T09:58:07Z,event,animal,"",Capreolus capreolus,1,"","",,"",,,,,,,,human,Anouk van der Schaaf,2024-12-28T13:00:32Z,1,,""
fbffdb15-1b3e-42a9-9983-496e84570d59,882dfc41-89db-404c-b931-67e5707dd14e,"",fbb8c722-faa3-459d-8eee-f05c2229c0db,2024-10-17T11:35:47Z,2024-10-17T11:35:54Z,event,animal,"",Capreolus capreolus,1,"","",,"",,,,,,,,human,Anouk van der Schaaf,2024-12-28T13:01:01Z,1,,""
aa4e4c17-61d3-4b02-bb60-fa0b1d04438a,882dfc41-89db-404c-b931-67e5707dd14e,"",3099ef5a-fe77-4d14-bcef-6c7ce2b55197,2024-10-29T05:38:26Z,2024-10-29T05:38:31Z,event,blank,"","",,"","",,"",,,,,,,,human,Anouk van der Schaaf,2024-12-28T13:07:27Z,1,,""
99040b67-0a95-423f-a4be-752afcdca8b7,882dfc41-89db-404c-b931-67e5707dd14e,"",99040b67-0a95-423f-a4be-752afcdca8b7,2024-10-31T22:00:00Z,2024-10-31T22:00:00Z,event,unclassified,"","",,"","",,"",,,,,,,,"","",,,,""
245d0d4b-3a0d-449e-b928-a914860fcbe5,882dfc41-89db-404c-b931-67e5707dd14e,"",a9f52908-85f4-4ae6-80dd-886ae7574be3,2024-11-01T13:56:16Z,2024-11-01T13:56:23Z,event,animal,"",Aves,1,"","",,"",,,,,,,,human,Anouk van der Schaaf,2024-12-28T13:08:08Z,1,,""
71a3f23e-926f-4d8e-a028-04eda3ab6584,882dfc41-89db-404c-b931-67e5707dd14e,"",ddf4a375-4b83-42d4-ace4-c0712cf0d528,2024-11-09T03:58:00Z,2024-11-09T03:58:05Z,event,animal,"",Sus scrofa,1,"","",,"",,,,,,,,human,Anouk van der Schaaf,2024-12-28T13:08:40Z,1,,""
aa43d10b-3080-4b00-a87f-87a301ecbcf0,882dfc41-89db-404c-b931-67e5707dd14e,"",79715fc0-e9ba-40d7-913f-8534f249289b,2024-11-11T21:32:46Z,2024-11-11T21:32:52Z,event,animal,"",Sus scrofa,1,"","",,"",,,,,,,,human,Anouk van der Schaaf,2024-12-28T13:12:00Z,1,,""
044c1157-bb19-4b43-978f-a54995100c99,882dfc41-89db-404c-b931-67e5707dd14e,"",68aa4eff-7759-4d63-8f19-13e1408b56cf,2024-11-20T12:58:32Z,2024-11-20T12:58:38Z,event,animal,"",Lepus europaeus,1,"","",,"",,,,,,,,human,Anouk van der Schaaf,2024-12-28T13:15:12Z,1,,""
f08f2a69-b6cf-4c88-93f6-43ce4331f5f9,882dfc41-89db-404c-b931-67e5707dd14e,"",f08f2a69-b6cf-4c88-93f6-43ce4331f5f9,2024-11-21T22:00:00Z,2024-11-21T22:00:00Z,event,unclassified,"","",,"","",,"",,,,,,,,"","",,,,""
6f6c32ca-1f9b-41d8-ae70-e3fc83c9e6a8,882dfc41-89db-404c-b931-67e5707dd14e,"",48336c51-4df0-41db-9dee-83f5079ebb3f,2024-12-04T22:43:19Z,2024-12-04T22:43:24Z,event,animal,"",Sus scrofa,3,"","",,"",,,,,,,,human,Anouk van der Schaaf,2024-12-28T13:16:44Z,1,,""
65f5d18d-6210-4c9a-99c6-feaf4958c2f9,882dfc41-89db-404c-b931-67e5707dd14e,"",bf736799-5a73-49b6-bb35-504092f1fa8a,2024-12-07T21:35:07Z,2024-12-07T21:35:12Z,event,unknown,"","",,"","",,"",,,,,,,,human,Anouk van der Schaaf,2024-12-28T13:17:31Z,1,,""
d20f9e95-c88e-4adc-b0a0-206ca8974a35,882dfc41-89db-404c-b931-67e5707dd14e,"",20b78079-a27e-464d-87d9-adb98d4a960f,2024-12-08T18:57:50Z,2024-12-08T18:58:09Z,event,animal,"",Meles meles,1,"","",,"",,,,,,,,human,Anouk van der Schaaf,2024-12-28T13:18:00Z,1,,""
c6e40c8b-0497-49ac-81ce-b8b9ac52bd12,882dfc41-89db-404c-b931-67e5707dd14e,"",396d4706-b86b-4485-8d5a-1fbe046335b2,2024-12-11T08:34:09Z,2024-12-11T08:34:23Z,event,animal,"",Canis lupus familiaris,1,"","",,"",,,,,,,,human,Anouk van der Schaaf,2024-12-28T13:18:37Z,1,,""
b93ce2c3-f0db-4b87-b15c-858fa32e94a4,882dfc41-89db-404c-b931-67e5707dd14e,"",e76d6723-79fe-4260-9a0c-ebdae95bf376,2024-12-11T12:58:32Z,2024-12-11T12:58:39Z,event,animal,"",Lepus europaeus,1,"","",,"",,,,,,,,human,Anouk van der Schaaf,2024-12-28T13:20:00Z,1,,""
73462732-200e-479a-b485-2c6324d6292c,882dfc41-89db-404c-b931-67e5707dd14e,"",73462732-200e-479a-b485-2c6324d6292c,2024-12-16T10:00:00Z,2024-12-16T10:00:00Z,event,unclassified,"","",,"","",,"",,,,,,,,"","",,,,""
a3cdd14f-975a-4dc0-833b-fea87ab28dac,882dfc41-89db-404c-b931-67e5707dd14e,"",e2da1f20-47e3-4335-8a00-c724dad0ef73,2024-12-16T11:04:02Z,2024-12-16T11:04:30Z,event,unclassified,setup,"",,"","",,"",,,,,,,,human,Anouk van der Schaaf,2024-12-28T13:20:09Z,1,,""
22d39be1-0bee-4a4e-ac5a-476db53b6d4f,9840046b-cf75-4ec9-b9ce-fedd44ae488b,"",22d39be1-0bee-4a4e-ac5a-476db53b6d4f,2024-10-16T10:00:00Z,2024-10-16T10:00:00Z,event,unclassified,"","",,"","",,"",,,,,,,,"","",,,,""
9c56319d-951e-45e0-b355-a7751e1bd960,9840046b-cf75-4ec9-b9ce-fedd44ae488b,"",9c56319d-951e-45e0-b355-a7751e1bd960,2024-10-16T22:00:00Z,2024-10-16T22:00:00Z,event,unclassified,"","",,"","",,"",,,,,,,,"","",,,,""
fdbabcfe-688b-4132-9f4d-eff0ca97b1b4,9840046b-cf75-4ec9-b9ce-fedd44ae488b,"",f72ff7ff-cdac-431b-ad14-1dc3a1e695a0,2024-10-28T02:43:19Z,2024-10-28T02:43:25Z,event,animal,"",Cervus elaphus,1,"","",,"",,,,,,,,human,Laurens Dijkhuis,2024-12-21T08:41:17Z,0.5,,""
2de0e114-ceda-4c0b-a596-dc0066382816,9840046b-cf75-4ec9-b9ce-fedd44ae488b,"",3e8288d0-f781-48dd-8eae-23d251bbc1be,2024-11-03T03:22:35Z,2024-11-03T03:22:42Z,event,animal,"",Sus scrofa,1,"","",,"",,,,,,,,human,Laurens Dijkhuis,2024-12-21T08:41:34Z,1,,""
8c474afe-1334-4de0-b171-e918a719233d,9840046b-cf75-4ec9-b9ce-fedd44ae488b,"",f4a91816-a7c1-4232-b777-4255bdfd2171,2024-11-11T06:03:26Z,2024-11-11T06:03:32Z,event,animal,"",Cervus elaphus,1,"","",,"",,,,,,,,human,Laurens Dijkhuis,2024-12-21T08:42:28Z,1,,""
d6d6768a-40e1-4cfe-ae1a-817557e46b67,9840046b-cf75-4ec9-b9ce-fedd44ae488b,"",a1788f4c-2315-46c7-8a75-dc56cab6c787,2024-11-11T18:07:54Z,2024-11-11T18:08:00Z,event,unknown,"","",,"","",,"",,,,,,,,human,Laurens Dijkhuis,2024-12-21T08:42:42Z,1,,""
c5d40ac8-78c4-4be8-a1c9-7937e8059c49,9840046b-cf75-4ec9-b9ce-fedd44ae488b,"",1bda41e1-61e4-45f1-a646-aa39cc99e746,2024-11-12T00:01:58Z,2024-11-12T00:02:05Z,event,animal,"",Sus scrofa,1,"","",,"",,,,,,,,human,Laurens Dijkhuis,2024-12-21T08:42:54Z,1,,""
78d4f5fd-b97a-468e-97f9-98022e4bb82d,9840046b-cf75-4ec9-b9ce-fedd44ae488b,"",9e82aaf7-c418-467a-8a51-e2db8c070bf2,2024-11-13T22:15:34Z,2024-11-13T22:15:41Z,event,animal,"",Martes martes,1,"","",,"",,,,,,,,human,Laurens Dijkhuis,2024-12-21T08:43:57Z,1,,""
9577788d-0034-4e48-a594-a3dc34fd6e56,9840046b-cf75-4ec9-b9ce-fedd44ae488b,"",17d2b21c-9325-4589-8408-b64419f05cd7,2024-11-15T14:54:31Z,2024-11-15T14:54:37Z,event,animal,"",Turdus iliacus,1,"","",,"",,,,,,,,human,Laurens Dijkhuis,2024-12-21T08:44:41Z,1,,""
004809dd-6c80-4535-999a-a3dfc174b36c,9840046b-cf75-4ec9-b9ce-fedd44ae488b,"",004809dd-6c80-4535-999a-a3dfc174b36c,2024-11-18T22:00:00Z,2024-11-18T22:00:00Z,event,unclassified,"","",,"","",,"",,,,,,,,"","",,,,""
1a7016ab-0d08-4412-829e-48168491598f,9840046b-cf75-4ec9-b9ce-fedd44ae488b,"",0399145a-edcc-4fd1-985e-9babd637a0f9,2024-11-23T20:59:32Z,2024-11-23T20:59:48Z,event,animal,"",Capreolus capreolus,1,"","",,"",,,,,,,,human,Laurens Dijkhuis,2024-12-21T08:45:37Z,1,,""
cb617a44-6b8c-41a8-a97c-e8531cb194f4,9840046b-cf75-4ec9-b9ce-fedd44ae488b,"",754f8b8d-506a-4ea9-93f3-2dfa1d587285,2024-11-30T19:28:39Z,2024-11-30T19:28:45Z,event,animal,"",Martes martes,1,"","",,cb617a44-6b8c-41a8-a97c-e8531cb194f4,,,0.8627919508,,,,,human,Anouk van der Schaaf,2024-12-21T08:47:20Z,1,,""
d53eac4e-e551-4896-bf2c-142868386e8a,9840046b-cf75-4ec9-b9ce-fedd44ae488b,"",7fc34fa9-a6bc-4c4e-82bd-7c76a216851a,2024-12-01T03:57:42Z,2024-12-01T03:57:48Z,event,animal,"",Cervus elaphus,1,adult,male,,"",,,,,,,,human,Laurens Dijkhuis,2024-12-21T08:47:43Z,1,,""
8fe38c35-3948-4910-abe8-3bd6490852c1,9840046b-cf75-4ec9-b9ce-fedd44ae488b,"",d25be6d5-bac2-440f-abfd-49f0f35c7b04,2024-12-02T06:38:04Z,2024-12-02T06:38:11Z,event,blank,"","",,"","",,"",,,,,,,,human,Laurens Dijkhuis,2024-12-21T08:48:06Z,1,,""
b938cf4d-a9d6-49e1-af64-5cc083853cce,9840046b-cf75-4ec9-b9ce-fedd44ae488b,"",36c401db-b354-45b4-a8d2-4ddc6bc4c48c,2024-12-06T13:00:22Z,2024-12-06T13:00:28Z,event,animal,"",Capreolus capreolus,1,adult,female,,"",,,,,,,,human,Laurens Dijkhuis,2024-12-21T08:48:46Z,1,,""
e80ca007-96a1-495c-8f57-2d1f5d1cf9cb,9840046b-cf75-4ec9-b9ce-fedd44ae488b,"",f7fab5cf-0291-44b6-998e-0d1de082e6c1,2024-12-16T02:38:38Z,2024-12-16T02:38:44Z,event,animal,"",Vulpes vulpes,1,"","",,"",,,,,,,,human,Laurens Dijkhuis,2024-12-21T08:50:12Z,1,,""
c517856a-b636-4952-86ae-a71e3829c228,9840046b-cf75-4ec9-b9ce-fedd44ae488b,"",c517856a-b636-4952-86ae-a71e3829c228,2024-12-17T22:00:00Z,2024-12-17T22:00:00Z,event,unclassified,"","",,"","",,"",,,,,,,,"","",,,,""
94cd8eb0-5db3-4ce3-99b5-0c9db37a5b0c,9840046b-cf75-4ec9-b9ce-fedd44ae488b,"",57d39d69-983a-4401-acf5-886963ded1c4,2024-12-18T08:57:30Z,2024-12-18T08:58:31Z,event,unclassified,setup,"",,"","",,"",,,,,,,,human,Laurens Dijkhuis,2024-12-21T08:50:50Z,1,,""
2dacb9ed-3f9a-45cb-886a-4769e9fde153,9a54bc27-1c49-44f1-8405-1374011f058b,"",2dacb9ed-3f9a-45cb-886a-4769e9fde153,2023-10-16T10:00:00Z,2023-10-16T10:00:00Z,event,unclassified,"","",,"","",,"",,,,,,,,"","",,,,""
d835230f-8388-4887-a347-bc278bf4f1fa,9a54bc27-1c49-44f1-8405-1374011f058b,"",d835230f-8388-4887-a347-bc278bf4f1fa,2023-10-16T22:00:00Z,2023-10-16T22:00:00Z,event,unclassified,"","",,"","",,"",,,,,,,,"","",,,,""
1d8ab43b-51fd-4a9d-aa4b-e4deb6dba3ab,9a54bc27-1c49-44f1-8405-1374011f058b,"",1d8ab43b-51fd-4a9d-aa4b-e4deb6dba3ab,2023-10-24T22:00:00Z,2023-10-24T22:00:00Z,event,unclassified,"","",,"","",,"",,,,,,,,"","",,,,""
12f9a0a1-dfec-4d79-9177-163fe60ffbfb,9a54bc27-1c49-44f1-8405-1374011f058b,"",11d40522-f70c-42ae-86db-ff4244a28460,2023-10-27T17:14:38Z,2023-10-27T17:14:44Z,event,unknown,"","",,"","",,"",,,,,,,,human,Patrick Jansen,2023-12-19T20:24:44Z,1,,""
1b9c31e7-c37f-428e-a24d-445b0731d466,9a54bc27-1c49-44f1-8405-1374011f058b,"",344792e1-accf-4e68-945b-c2dfa67ed461,2023-10-28T23:20:04Z,2023-10-28T23:20:09Z,event,animal,"",Sus scrofa,1,adult,"",,"",,,,,,,,human,Patrick Jansen,2023-12-19T20:25:32Z,1,,""
be5fcdbd-0b83-4ec2-9161-e99772e1c4ad,9a54bc27-1c49-44f1-8405-1374011f058b,"",be5fcdbd-0b83-4ec2-9161-e99772e1c4ad,2023-10-30T22:00:00Z,2023-10-30T22:00:00Z,event,unclassified,"","",,"","",,"",,,,,,,,"","",,,,""
25b960e5-0a5a-43ed-a51a-43793fa4a98a,9a54bc27-1c49-44f1-8405-1374011f058b,"",4668de37-9656-4e36-a13e-c575581d4c0d,2023-10-31T17:04:38Z,2023-10-31T17:04:44Z,event,animal,"",Sus scrofa,1,"","",,"",,,,,,,,human,Patrick Jansen,2023-12-19T20:26:46Z,1,,""
d1493d09-c55f-49ce-bb03-eb7ffd176fbe,9a54bc27-1c49-44f1-8405-1374011f058b,"",3392e909-e525-49da-ac26-93fcc98216ba,2023-11-03T22:18:47Z,2023-11-03T22:18:56Z,event,animal,"",Capreolus capreolus,1,adult,female,,"",,,,,,,,human,Patrick Jansen,2023-12-19T20:30:18Z,1,,""
7435a710-3d7a-4797-8af9-3e9df010df55,9a54bc27-1c49-44f1-8405-1374011f058b,"",7435a710-3d7a-4797-8af9-3e9df010df55,2023-11-05T22:00:00Z,2023-11-05T22:00:00Z,event,unclassified,"","",,"","",,"",,,,,,,,"","",,,,""
e1bb29ce-a774-48bf-ab02-a2bf8f777e51,9a54bc27-1c49-44f1-8405-1374011f058b,"",9cbebb6d-b37d-493c-a668-bcc4bd0a77e6,2023-11-06T16:28:38Z,2023-11-06T16:28:44Z,event,animal,"",Lepus europaeus,1,adult,"",,"",,,,,,,,human,Patrick Jansen,2023-12-19T20:30:34Z,1,,""
d8069b6a-b472-4eab-a2f0-cd2d48b92fda,9a54bc27-1c49-44f1-8405-1374011f058b,"",ed5bfb98-bb33-4332-b5ab-50d2d538e5b8,2023-11-08T03:47:01Z,2023-11-08T03:47:07Z,event,animal,"",Vulpes vulpes,1,adult,"",,"",,,,,,,,human,Patrick Jansen,2023-12-19T20:31:03Z,1,,""
6022def9-f844-4b3b-9dd9-2555eb608bff,9a54bc27-1c49-44f1-8405-1374011f058b,"",77193420-d03e-44c2-9d0d-71abf2815354,2023-11-08T18:25:18Z,2023-11-08T18:25:23Z,event,blank,"","",,"","",,"",,,,,,,,human,Patrick Jansen,2023-12-19T20:31:16Z,1,,""
d0a1cbba-2ec9-482b-994e-19f7f278e3ad,9a54bc27-1c49-44f1-8405-1374011f058b,"",d0a1cbba-2ec9-482b-994e-19f7f278e3ad,2023-11-12T22:00:00Z,2023-11-12T22:00:00Z,event,unclassified,"","",,"","",,"",,,,,,,,"","",,,,""
5bb2cf3a-05c5-4a58-88dc-02eb5dc86d08,9a54bc27-1c49-44f1-8405-1374011f058b,"",5bb2cf3a-05c5-4a58-88dc-02eb5dc86d08,2023-11-19T22:00:00Z,2023-11-19T22:00:00Z,event,unclassified,"","",,"","",,"",,,,,,,,"","",,,,""
2f20fa53-e060-4428-a434-a684e1f2b417,9a54bc27-1c49-44f1-8405-1374011f058b,"",2f20fa53-e060-4428-a434-a684e1f2b417,2023-11-26T22:00:00Z,2023-11-26T22:00:00Z,event,unclassified,"","",,"","",,"",,,,,,,,"","",,,,""
9bc53dfa-0b74-4b9a-9622-6abc50d17f64,9a54bc27-1c49-44f1-8405-1374011f058b,"",9bc53dfa-0b74-4b9a-9622-6abc50d17f64,2023-12-03T22:00:00Z,2023-12-03T22:00:00Z,event,unclassified,"","",,"","",,"",,,,,,,,"","",,,,""
7eb58c9a-5155-497d-9fa9-d0d81b2f1748,9a54bc27-1c49-44f1-8405-1374011f058b,"",7eb58c9a-5155-497d-9fa9-d0d81b2f1748,2023-12-10T22:00:00Z,2023-12-10T22:00:00Z,event,unclassified,"","",,"","",,"",,,,,,,,"","",,,,""
523eb803-80a5-498e-aa1c-e2da2a36fd9f,9a54bc27-1c49-44f1-8405-1374011f058b,"",56349424-fa4c-4fc4-992a-06a7bef65376,2023-12-11T09:01:37Z,2023-12-11T09:02:02Z,event,unclassified,setup,"",,"","",,"",,,,,,,,human,Patrick Jansen,2023-12-19T20:33:54Z,1,,""
00137f59-bb24-4c7b-b948-a7fb7bdd423c,b57b31c7-5692-4fbc-bdd4-5330f084326e,"",912a3846-b988-4dcc-8dc3-c6d2ca74d862,2022-10-26T15:01:05Z,2022-10-26T15:01:11Z,event,animal,"",Garrulus glandarius,1,"","",,"",,,,,,,,human,Patrick Jansen,2022-12-20T08:18:36Z,1,,""
c740882a-6efc-4884-bcaa-caa5634e22ca,b57b31c7-5692-4fbc-bdd4-5330f084326e,"",c740882a-6efc-4884-bcaa-caa5634e22ca,2022-10-26T22:00:00Z,2022-10-26T22:00:00Z,event,unclassified,"","",,"","",,"",,,,,,,,"","",,,,""
b1a51d90-01a9-4650-8378-7296a978232a,b57b31c7-5692-4fbc-bdd4-5330f084326e,"",046cce4f-2c17-4bdd-88c8-4c90761d3f56,2022-10-27T07:11:09Z,2022-10-27T07:11:14Z,event,animal,"",Garrulus glandarius,1,"","",,"",,,,,,,,human,Patrick Jansen,2022-12-20T08:18:56Z,1,,""
46e12773-e72a-41c4-af7d-7b08220b5149,b57b31c7-5692-4fbc-bdd4-5330f084326e,"",d02d280b-0cef-4a50-9479-2d1abdacba50,2022-10-27T07:21:24Z,2022-10-27T07:21:30Z,event,blank,"","",,"","",,"",,,,,,,,human,Yorick Liefting,2022-12-14T12:50:36Z,1,,""
960eeed5-e3fe-4c3b-8e27-23c23bda2e46,b57b31c7-5692-4fbc-bdd4-5330f084326e,"",960eeed5-e3fe-4c3b-8e27-23c23bda2e46,2022-10-27T10:00:00Z,2022-10-27T10:00:00Z,event,unclassified,"","",,"","",,"",,,,,,,,"","",,,,""
94f8830d-cfb8-4049-8f07-2f81976dd4ba,b57b31c7-5692-4fbc-bdd4-5330f084326e,"",255a4edd-0187-4316-bd89-6b7566ae10a7,2022-10-30T02:04:23Z,2022-10-30T02:04:28Z,event,animal,"",Cervus elaphus,1,"","",,94f8830d-cfb8-4049-8f07-2f81976dd4ba,,,1.319039877,,,,,human,Laurens Dijkhuis,2022-12-15T13:05:36Z,1,,""
31b8868f-d18c-4e5e-91ec-af56436ea454,b57b31c7-5692-4fbc-bdd4-5330f084326e,"",90d73ee6-f1ce-4f83-b61c-503175d5843c,2022-11-04T09:25:24Z,2022-11-04T09:25:29Z,event,animal,"",Parus major,1,"","",,"",,,,,,,,human,Patrick Jansen,2022-12-20T08:20:15Z,1,,""
58018a49-6a17-487b-82c0-a38aa9d24c92,b57b31c7-5692-4fbc-bdd4-5330f084326e,"",60e44e31-a0d2-47e7-b80f-3e98857013de,2022-11-04T09:33:38Z,2022-11-04T09:33:44Z,event,animal,"",Sus scrofa,1,"","",,"",,,,,,,,human,Yorick Liefting,2022-12-14T12:51:58Z,1,,""
7613df62-cda0-4389-9f63-49ce22a51e94,b57b31c7-5692-4fbc-bdd4-5330f084326e,"",192debd9-8819-4a45-8033-8238d89e72f4,2022-11-04T12:32:56Z,2022-11-04T12:33:01Z,event,animal,"",Turdus merula,1,adult,male,,"",,,,,,,,human,Patrick Jansen,2022-12-20T08:20:43Z,1,,""
5d84cb41-9393-494d-aaa2-64552f970984,b57b31c7-5692-4fbc-bdd4-5330f084326e,"",ec2b0609-f1d4-4ee7-a667-5e6dfecea0a0,2022-11-21T12:36:28Z,2022-11-21T12:36:34Z,event,animal,"",Picus viridis,1,"","",,"",,,,,,,,human,Yorick Liefting,2022-12-14T12:52:40Z,1,,""
aecb1158-d79f-4b70-a9a3-5df8e6998dda,b57b31c7-5692-4fbc-bdd4-5330f084326e,"",33968c72-13c4-48d1-af43-3b05d94d25fd,2022-11-24T09:38:14Z,2022-11-24T09:38:53Z,event,animal,"",Canis lupus familiaris,1,"","",,"",,,,,,,,human,Yorick Liefting,2022-12-14T12:53:24Z,1,,""
c1a30f59-031a-4b9c-a32f-d0e2e2f85888,b57b31c7-5692-4fbc-bdd4-5330f084326e,"",e583937b-ff39-4086-b15c-0cab9ed70be8,2022-12-01T03:48:27Z,2022-12-01T03:48:33Z,event,animal,"",Cervus elaphus,1,"","",,"",,,,,,,,human,Yorick Liefting,2022-12-14T12:53:47Z,1,,""
3f728f66-fb66-497c-acf3-a9253ba18bfc,b57b31c7-5692-4fbc-bdd4-5330f084326e,"",b605bd3f-f317-474d-92c7-f9a24b04bbf0,2022-12-02T17:21:34Z,2022-12-02T17:21:39Z,event,animal,"",Vulpes vulpes,1,"","",,"",,,,,,,,human,Yorick Liefting,2022-12-14T12:54:36Z,1,,""
cb66dc5b-d89c-4070-b09c-0a6663fa5d25,b57b31c7-5692-4fbc-bdd4-5330f084326e,"",ff55fdea-e3d9-41b0-826c-a6544cfb523c,2022-12-03T20:25:01Z,2022-12-03T20:25:07Z,event,animal,"",Oryctolagus cuniculus,1,"","",,"",,,,,,,,human,Yorick Liefting,2022-12-14T12:55:35Z,1,,""
0bf2aaf2-dcf7-46bc-a86b-f931f2d7c1b2,b57b31c7-5692-4fbc-bdd4-5330f084326e,"",32e119b3-920b-4c46-9cbb-2ae91840c7db,2022-12-04T00:36:14Z,2022-12-04T00:36:19Z,event,animal,"",Capreolus capreolus,1,"","",,0bf2aaf2-dcf7-46bc-a86b-f931f2d7c1b2,,,,,,,,human,Patrick Jansen,2022-12-15T12:13:56Z,1,,Not enough positions for speed and distance
1c399e3f-1a49-410c-9c46-ad28554194bf,b57b31c7-5692-4fbc-bdd4-5330f084326e,"",63af729d-a4d0-4dd7-a89c-07f507eb8673,2022-12-04T01:05:56Z,2022-12-04T01:06:01Z,event,animal,"",Vulpes vulpes,1,"","",,"",,,,,,,,human,Yorick Liefting,2022-12-14T12:56:10Z,1,,""
5eedb133-f770-495e-8721-69d648e88981,b57b31c7-5692-4fbc-bdd4-5330f084326e,"",76c5d2fc-c21d-438f-89ca-2860a6ddba7c,2022-12-04T03:40:22Z,2022-12-04T03:40:27Z,event,animal,"",Capreolus capreolus,1,"","",,5eedb133-f770-495e-8721-69d648e88981,,,,,,,,human,Patrick Jansen,2022-12-15T12:12:27Z,1,,Not enough positions for speed and distance
0e444f77-82de-4961-9b1c-a3c23492d3d4,b57b31c7-5692-4fbc-bdd4-5330f084326e,"",230c8749-fbd1-42b5-a5d5-93352ec93c16,2022-12-05T10:57:40Z,2022-12-05T10:57:43Z,event,unclassified,setup,"",,"","",,"",,,,,,,,human,Yorick Liefting,2022-12-14T12:57:09Z,1,,""
aba664c1-c9e5-42fd-b74a-7f66e8aa5deb,b78f7ddc-6d7f-4c29-8957-f5d78b5d6f38,"",aba664c1-c9e5-42fd-b74a-7f66e8aa5deb,2024-10-14T10:00:00Z,2024-10-14T10:00:00Z,event,unclassified,"","",,"","",,"",,,,,,,,"","",,,,""
ec24c630-f257-4891-a039-e6a23aef3f4c,b78f7ddc-6d7f-4c29-8957-f5d78b5d6f38,"",dc10ef27-84ef-41be-905c-cac9c72e66eb,2024-10-14T15:43:02Z,2024-10-14T15:43:09Z,event,blank,"","",,"","",,"",,,,,,,,human,Laurens Dijkhuis,2024-12-20T13:52:31Z,1,,""
08c2dfdd-118f-4993-840c-4ca4d49afddc,b78f7ddc-6d7f-4c29-8957-f5d78b5d6f38,"",6f505e60-7392-4c45-a59a-b41e6aef7c97,2024-10-14T17:02:30Z,2024-10-14T17:02:55Z,event,animal,"",Capreolus capreolus,1,adult,male,,08c2dfdd-118f-4993-840c-4ca4d49afddc,,,0.2391277162,,,,,human,Bart van Rossum,2024-12-20T13:53:14Z,1,,""
a7f48571-e44c-4770-882c-7a2859513608,b78f7ddc-6d7f-4c29-8957-f5d78b5d6f38,"",20b220de-55ec-4d2b-a44f-3a022f0a3677,2024-10-14T21:10:38Z,2024-10-14T21:10:44Z,event,animal,"",Vulpes vulpes,1,"","",,"",,,,,,,,human,Laurens Dijkhuis,2024-12-20T13:53:26Z,1,,""
46c3e29a-ed20-4a9e-b009-b73078eec0be,b78f7ddc-6d7f-4c29-8957-f5d78b5d6f38,"",c4e23f42-b4d5-44b5-b5b0-41f11784f8ce,2024-10-15T19:41:23Z,2024-10-15T19:41:29Z,event,animal,"",Vulpes vulpes,1,"","",,"",,,,,,,,human,Laurens Dijkhuis,2024-12-21T08:53:10Z,1,,""
9f865720-c127-4c83-86b7-1265da573437,b78f7ddc-6d7f-4c29-8957-f5d78b5d6f38,"",6962b251-17ca-438b-9a23-05f45fcc8649,2024-10-16T02:18:37Z,2024-10-16T02:18:43Z,event,animal,"",Vulpes vulpes,1,"","",,9f865720-c127-4c83-86b7-1265da573437,,,0.7319335431,,,,,human,Bart van Rossum,2024-12-21T08:54:17Z,1,,"Remarkable tail, once broken?"
c618342a-2005-4048-9998-3f79f2c3eeb5,b78f7ddc-6d7f-4c29-8957-f5d78b5d6f38,"",c675c08f-15a2-42de-a429-cb402a6310a6,2024-10-16T21:37:47Z,2024-10-16T21:37:52Z,event,unknown,"","",,"","",,"",,,,,,,,human,Laurens Dijkhuis,2024-12-21T08:56:03Z,1,,""
90c27b5b-5609-4e2d-b527-3e65f5d13075,b78f7ddc-6d7f-4c29-8957-f5d78b5d6f38,"",ba729bb4-a7cb-4201-9818-1ae3a67e53ea,2024-10-18T20:11:56Z,2024-10-18T20:12:03Z,event,animal,"",Sus scrofa,1,"","",,"",,,,,,,,human,Laurens Dijkhuis,2024-12-21T09:01:39Z,1,,""
161fa122-ae5c-4e35-9677-603fe271da7e,b78f7ddc-6d7f-4c29-8957-f5d78b5d6f38,"",4bb8435f-7f0c-497f-9c01-87a8fafdefc2,2024-10-18T23:39:34Z,2024-10-18T23:39:39Z,event,animal,"",Sus scrofa,4,"","",,"",,,,,,,,human,Laurens Dijkhuis,2024-12-21T09:03:18Z,1,,""
015b44c3-d219-45c8-930c-9fd1f1031597,b78f7ddc-6d7f-4c29-8957-f5d78b5d6f38,"",7cac474a-b394-456a-80ac-fc7e79b1a8bf,2024-10-20T20:37:06Z,2024-10-20T20:38:49Z,event,animal,"",Dama dama,1,adult,male,,015b44c3-d219-45c8-930c-9fd1f1031597,,,1.2046893737,,,,,human,Anouk van der Schaaf,2024-12-21T09:09:15Z,1,,""
813756c4-d0f7-457f-85cb-e76594b8adc8,b78f7ddc-6d7f-4c29-8957-f5d78b5d6f38,"",33fa0d2e-b430-48d5-aeff-0eae49baeb58,2024-10-26T14:35:37Z,2024-10-26T14:35:42Z,event,human,"",Homo sapiens,1,"","",,"",,,,,,,,human,Laurens Dijkhuis,2024-12-21T09:12:49Z,1,,""
173ee6eb-070f-444e-9e38-7b1062f4f15e,b78f7ddc-6d7f-4c29-8957-f5d78b5d6f38,"",c52dc873-4485-404d-b3cc-663f473e6fd9,2024-10-30T09:37:55Z,2024-10-30T09:38:01Z,event,animal,"",Columba palumbus,3,"","",,"",,,,,,,,human,Laurens Dijkhuis,2024-12-21T09:14:37Z,1,,""
e02aa1e2-7197-4413-a669-8efd3560c693,b78f7ddc-6d7f-4c29-8957-f5d78b5d6f38,"",203f2dee-78e4-451b-8f7b-236091303d29,2024-11-10T21:01:18Z,2024-11-10T21:01:23Z,event,animal,"",Capreolus capreolus,1,"","",,"",,,,,,,,human,Laurens Dijkhuis,2024-12-22T09:50:38Z,1,,""
6230228f-e73d-4c00-9248-63c9d159b496,b78f7ddc-6d7f-4c29-8957-f5d78b5d6f38,"",df525aa8-3e7d-46ad-93b9-622cbfe8b9cd,2024-11-10T21:05:33Z,2024-11-10T21:05:39Z,event,animal,"",Capreolus capreolus,1,"","",,"",,,,,,,,human,Laurens Dijkhuis,2024-12-22T09:50:57Z,1,,""
a03f9b9d-d670-47eb-b977-5d88fec0361f,b78f7ddc-6d7f-4c29-8957-f5d78b5d6f38,"",0de39b66-5a71-47f8-a974-4906ec9ba4e5,2024-11-13T16:24:18Z,2024-11-13T16:24:49Z,event,animal,"",Cervus elaphus,3,"","",,"",,,,,,,,human,Laurens Dijkhuis,2024-12-22T10:01:49Z,1,,""
50e859a7-3e56-47b1-b0b8-a70f93f58cbc,b78f7ddc-6d7f-4c29-8957-f5d78b5d6f38,"",fc7860d4-608c-4f2b-9afb-6bc13a437c21,2024-11-28T22:07:21Z,2024-11-28T22:07:52Z,event,animal,"",Strix aluco,1,"","",,"",,,,,,,,human,Laurens Dijkhuis,2024-12-22T10:44:49Z,0.5,,""
67f7e5e1-6150-47f3-b6e1-d597b42485bc,b78f7ddc-6d7f-4c29-8957-f5d78b5d6f38,"",6c3eeb65-b576-4538-b876-79038209a487,2024-11-29T07:37:41Z,2024-11-29T07:37:47Z,event,vehicle,"","",1,"","",,"",,,,,,,,human,Laurens Dijkhuis,2024-12-22T10:46:55Z,1,,""
7974c10d-b0d0-463b-a7fb-4ae662a2099c,b78f7ddc-6d7f-4c29-8957-f5d78b5d6f38,"",7974c10d-b0d0-463b-a7fb-4ae662a2099c,2024-12-05T22:00:00Z,2024-12-05T22:00:00Z,event,unclassified,"","",,"","",,"",,,,,,,,"","",,,,""
b0e6e398-6eda-49a6-bb98-c064161e275a,bc231524-71e1-40a3-bd96-47039dbc1a2c,"",b0e6e398-6eda-49a6-bb98-c064161e275a,2022-11-01T10:00:00Z,2022-11-01T10:00:00Z,event,unclassified,"","",,"","",,"",,,,,,,,"","",,,,""
a1623a19-e6b4-4dea-9a75-f4a1b5d89752,bc231524-71e1-40a3-bd96-47039dbc1a2c,"",1d93c8b7-7f8d-4148-8c07-7fbd3e8cac4c,2022-11-01T16:10:45Z,2022-11-01T16:10:51Z,event,animal,"",Capreolus capreolus,1,"","",,a1623a19-e6b4-4dea-9a75-f4a1b5d89752,,,12.677869996,,,,,human,Patrick Jansen,2022-12-20T08:17:38Z,0.5,,""
071e9e66-259b-4a56-9710-c574b66af15d,bc231524-71e1-40a3-bd96-47039dbc1a2c,"",071e9e66-259b-4a56-9710-c574b66af15d,2022-11-01T22:00:00Z,2022-11-01T22:00:00Z,event,unclassified,"","",,"","",,"",,,,,,,,"","",,,,""
8a51b820-f453-4a1d-a923-9ed9855b0313,bc231524-71e1-40a3-bd96-47039dbc1a2c,"",a3459794-244e-40e8-8712-216faf3063b1,2022-11-02T16:22:54Z,2022-11-02T16:22:59Z,event,blank,"","",,"","",,"",,,,,,,,human,Laurens Dijkhuis,2022-12-14T14:27:18Z,1,,""
29bd3fbc-9002-4c9d-a2d5-f23d347fd322,bc231524-71e1-40a3-bd96-47039dbc1a2c,"",3b740116-57e0-4a12-a191-bc285cad94b7,2022-11-08T16:58:09Z,2022-11-08T16:59:42Z,event,animal,"",Vulpes vulpes,2,"","",,"",,,,,,,,human,Laurens Dijkhuis,2022-12-14T14:29:02Z,1,,""
2d8a4407-74b4-4197-adea-57c4cb922c85,bc231524-71e1-40a3-bd96-47039dbc1a2c,"",98aa8650-4dae-419a-aa1d-e5cbfef74832,2022-11-08T22:52:09Z,2022-11-08T22:52:34Z,event,animal,"",Sus scrofa,4,"","",,"",,,,,,,,human,Laurens Dijkhuis,2022-12-14T14:30:39Z,1,,""
d37b7ef8-28c3-4d73-8228-aedcf4499d24,bc231524-71e1-40a3-bd96-47039dbc1a2c,"",4780a332-a01c-46dc-94b1-2dd8bf541e2f,2022-11-11T17:37:19Z,2022-11-11T17:37:25Z,event,animal,"",Sus scrofa,1,"","",,"",,,,,,,,human,Laurens Dijkhuis,2022-12-14T14:32:20Z,1,,""
05e8eef8-4faa-4f4d-a728-996dc7e174ef,bc231524-71e1-40a3-bd96-47039dbc1a2c,"",69cd71f2-4b4a-45ee-956a-1497e800f5e2,2022-11-15T09:32:17Z,2022-11-15T09:32:23Z,event,animal,"",Dama dama,1,"","",,"",,,,,,,,human,Laurens Dijkhuis,2022-12-14T14:34:06Z,1,,""
7289267e-66b0-4c4c-9fd3-4de610c872e9,bc231524-71e1-40a3-bd96-47039dbc1a2c,"",7289267e-66b0-4c4c-9fd3-4de610c872e9,2022-11-15T22:00:00Z,2022-11-15T22:00:00Z,event,unclassified,"","",,"","",,"",,,,,,,,"","",,,,""
a24a1e30-a3d4-410d-8464-a0d6d1d8d4c1,bc231524-71e1-40a3-bd96-47039dbc1a2c,"",61540957-7683-4901-ae0a-38bf4a6f842b,2022-11-20T07:30:48Z,2022-11-20T07:30:54Z,event,animal,"",Capreolus capreolus,1,"","",,"",,,,,,,,human,Laurens Dijkhuis,2022-12-14T14:37:48Z,1,,""
69f63966-72ed-48d6-907a-657475e83db0,bc231524-71e1-40a3-bd96-47039dbc1a2c,"",596ed54d-bdaa-476a-93e5-8538996dfca6,2022-11-22T10:42:18Z,2022-11-22T10:42:30Z,event,animal,"",Dama dama,1,adult,male,,"",,,,,,,,human,Laurens Dijkhuis,2022-12-14T14:38:15Z,1,,""
77e2ae53-996d-453a-857f-992b54dd5d84,bc231524-71e1-40a3-bd96-47039dbc1a2c,"",77e2ae53-996d-453a-857f-992b54dd5d84,2022-11-22T22:00:00Z,2022-11-22T22:00:00Z,event,unclassified,"","",,"","",,"",,,,,,,,"","",,,,""
28567572-e25c-419c-a756-6036d55f711b,bc231524-71e1-40a3-bd96-47039dbc1a2c,"",772f9caf-fc06-45a3-b3fa-a5f8533cac98,2022-11-23T06:16:19Z,2022-11-23T06:16:25Z,event,animal,"",Capreolus capreolus,1,adult,female,,"",,,,,,,,human,Laurens Dijkhuis,2022-12-14T14:38:30Z,1,,""
0f80c142-754e-429e-856e-64baba535855,bc231524-71e1-40a3-bd96-47039dbc1a2c,"",6ccc9077-41bb-43a4-b970-e37fa85c33be,2022-11-27T16:47:59Z,2022-11-27T16:48:05Z,event,animal,"",Sus scrofa,1,"","",,"",,,,,,,,human,Laurens Dijkhuis,2022-12-14T14:40:12Z,1,,""
20bc38df-3ed0-48c8-a6af-30fd60c13c49,bc231524-71e1-40a3-bd96-47039dbc1a2c,"",20bc38df-3ed0-48c8-a6af-30fd60c13c49,2022-11-29T22:00:00Z,2022-11-29T22:00:00Z,event,unclassified,"","",,"","",,"",,,,,,,,"","",,,,""
86c8522b-67bb-401f-a097-0d74ecdf9ae2,bc231524-71e1-40a3-bd96-47039dbc1a2c,"",7480d557-b7e1-429e-973d-5a1ca50dac68,2022-12-01T14:17:33Z,2022-12-01T14:17:45Z,event,animal,"",Cervus elaphus,1,"","",,"",,,,,,,,human,Laurens Dijkhuis,2022-12-14T14:40:29Z,1,,""
2825a0ac-7fce-41e4-b233-2aad50063ac3,bc231524-71e1-40a3-bd96-47039dbc1a2c,"",2825a0ac-7fce-41e4-b233-2aad50063ac3,2022-12-05T22:00:00Z,2022-12-05T22:00:00Z,event,unclassified,"","",,"","",,"",,,,,,,,"","",,,,""
182b34c1-1677-4e5f-adff-9dfa8e336866,bc231524-71e1-40a3-bd96-47039dbc1a2c,"",2b0ab4a2-624e-41d5-9510-174c2be6629b,2022-12-06T09:41:39Z,2022-12-06T09:41:43Z,event,unclassified,setup,"",,"","",,"",,,,,,,,human,Laurens Dijkhuis,2022-12-14T14:42:29Z,1,,""
7b5167a3-0f6e-4c90-ac07-3ab0950008b4,c06f2be9-83d4-4b29-b7b4-ecf576ea41c1,"",7b5167a3-0f6e-4c90-ac07-3ab0950008b4,2024-10-16T10:00:00Z,2024-10-16T10:00:00Z,event,unclassified,"","",,"","",,"",,,,,,,,"","",,,,""
d41d555d-17a2-4311-92aa-79a28d069940,c06f2be9-83d4-4b29-b7b4-ecf576ea41c1,"",d41d555d-17a2-4311-92aa-79a28d069940,2024-10-16T22:00:00Z,2024-10-16T22:00:00Z,event,unclassified,"","",,"","",,"",,,,,,,,"","",,,,""
2f989de3-2465-4c4b-813c-28c27b74b26f,c06f2be9-83d4-4b29-b7b4-ecf576ea41c1,"",119f3218-8cd6-42a6-b094-ab2992295942,2024-10-18T22:53:41Z,2024-10-18T22:53:46Z,event,animal,"",Sus scrofa,1,"","",,"",,,,,,,,human,Anouk van der Schaaf,2024-12-28T13:37:12Z,1,,""
1396e37a-37d9-4c4c-ac0d-1dd395c659e8,c06f2be9-83d4-4b29-b7b4-ecf576ea41c1,"",249d086f-a4fa-44ff-b0e8-801a8549cbb2,2024-10-24T05:32:09Z,2024-10-24T05:32:15Z,event,animal,"",Vulpes vulpes,1,"","",,"",,,,,,,,human,Anouk van der Schaaf,2024-12-28T13:37:22Z,1,,""
b5fbe754-939e-46ec-9066-074d260e952c,c06f2be9-83d4-4b29-b7b4-ecf576ea41c1,"",d5481055-333f-4b54-a55a-7745ea739e2f,2024-10-30T05:37:37Z,2024-10-30T05:37:43Z,event,blank,"","",,"","",,"",,,,,,,,human,Anouk van der Schaaf,2024-12-28T13:47:51Z,1,,""
a9270e73-d1a4-42e4-80a9-d9081a84ce24,c06f2be9-83d4-4b29-b7b4-ecf576ea41c1,"",45a3a28d-e071-4a96-ae63-a0542da19008,2024-11-02T02:59:50Z,2024-11-02T02:59:55Z,event,animal,"",Sus scrofa,2,"","",,"",,,,,,,,human,Anouk van der Schaaf,2024-12-28T13:48:19Z,1,,""
b1f347fd-2db2-4b3b-bc48-66035a8ce889,c06f2be9-83d4-4b29-b7b4-ecf576ea41c1,"",5ae33c65-d3ef-472b-8e37-5009c338caba,2024-11-03T16:52:35Z,2024-11-03T16:52:46Z,event,animal,"",Lepus europaeus,1,"","",,"",,,,,,,,human,Anouk van der Schaaf,2024-12-28T13:49:36Z,1,,""
d064d00c-34b1-495b-87cc-6b933a412e8d,c06f2be9-83d4-4b29-b7b4-ecf576ea41c1,"",c8f7f6bf-620c-4946-83eb-c412b1089e31,2024-11-19T20:36:25Z,2024-11-19T20:36:31Z,event,animal,"",Vulpes vulpes,1,"","",,"",,,,,,,,human,Anouk van der Schaaf,2024-12-28T13:57:09Z,1,,""
dcb71917-0ca9-4383-89b4-71a60bcfb9c2,c06f2be9-83d4-4b29-b7b4-ecf576ea41c1,"",bf4e0d29-f8e6-4a9b-b086-a2922ceb2261,2024-11-24T23:44:15Z,2024-11-24T23:44:20Z,event,animal,"",Martes martes,1,"","",,"",,,,,,,,human,Anouk van der Schaaf,2024-12-28T13:57:54Z,1,,""
0644f9d4-c2f2-43cd-9a71-11973a992ef7,c06f2be9-83d4-4b29-b7b4-ecf576ea41c1,"",15dbc358-b0c9-43e9-be2b-9e4d8b602867,2024-11-26T04:33:48Z,2024-11-26T04:34:11Z,event,animal,"",Cervus elaphus,1,"","",,"",,,,,,,,human,Anouk van der Schaaf,2024-12-28T13:58:16Z,1,,""
d413e465-0f00-4bd4-8ac4-2a1ea7f6c3d3,c06f2be9-83d4-4b29-b7b4-ecf576ea41c1,"",854a4f1b-13fc-4e90-a209-d9ab2b9e5646,2024-11-28T05:17:15Z,2024-11-28T05:17:20Z,event,animal,"",Cervus elaphus,1,"","",,"",,,,,,,,human,Anouk van der Schaaf,2024-12-28T14:07:19Z,1,,""
787e5489-8c7b-42ba-bf06-1470a9665d01,c06f2be9-83d4-4b29-b7b4-ecf576ea41c1,"",4a3c346c-33ac-4690-a207-e3ed38aaa6ad,2024-12-05T00:22:09Z,2024-12-05T00:22:14Z,event,animal,"",Martes martes,1,"","",,"",,,,,,,,human,Anouk van der Schaaf,2024-12-28T14:24:10Z,1,,""
433d12e5-62be-4e7e-a0cd-73590ef904f0,c06f2be9-83d4-4b29-b7b4-ecf576ea41c1,"",44ca68c9-f2a9-4483-8f93-09e59cd6b879,2024-12-05T00:53:34Z,2024-12-05T00:53:40Z,event,animal,"",Martes martes,1,"","",,433d12e5-62be-4e7e-a0cd-73590ef904f0,,,1.0211244183,,,,,human,Anouk van der Schaaf,2025-01-31T11:52:33Z,1,,""
b746045d-040b-4fb2-8a44-17ff25e6d2d8,c06f2be9-83d4-4b29-b7b4-ecf576ea41c1,"",4b161bf4-784a-4ffc-af18-c4ce812172ab,2024-12-11T03:19:17Z,2024-12-11T03:19:34Z,event,animal,"",Felis catus,1,"","",,"",,,,,,,,human,Anouk van der Schaaf,2024-12-28T14:25:52Z,1,,""
48453987-8807-4ffd-b4db-e94048f99fd4,c06f2be9-83d4-4b29-b7b4-ecf576ea41c1,"",d39ff0b9-61c8-44f0-9b48-4d2f2c0c58f3,2024-12-12T00:44:07Z,2024-12-12T00:44:20Z,event,animal,"",Meles meles,1,"","",,"",,,,,,,,human,Anouk van der Schaaf,2024-12-28T14:27:03Z,1,,""
355b3927-c512-4dea-89d3-559912162033,c06f2be9-83d4-4b29-b7b4-ecf576ea41c1,"",b105066a-66e3-4306-a4d9-e8bec318a7e6,2024-12-12T00:52:47Z,2024-12-12T00:53:32Z,event,animal,"",Meles meles,1,"","",,"",,,,,,,,human,Anouk van der Schaaf,2024-12-28T14:27:49Z,1,,""
d44432b9-a01e-433d-ab18-7e56d2327a21,c06f2be9-83d4-4b29-b7b4-ecf576ea41c1,"",7f9f78b7-22a6-412a-b30c-e828f5630d05,2024-12-18T07:16:26Z,2024-12-18T07:16:31Z,event,animal,"",Aves,1,"","",,"",,,,,,,,human,Anouk van der Schaaf,2024-12-28T14:28:21Z,1,,""
e7dbd548-4df4-49bb-a1b3-bba33b7826a3,c06f2be9-83d4-4b29-b7b4-ecf576ea41c1,"",1d5979f5-21f8-495d-8caf-c61e1a383b01,2024-12-18T09:33:23Z,2024-12-18T09:33:37Z,event,unclassified,setup,"",,"","",,"",,,,,,,,human,Anouk van der Schaaf,2024-12-28T14:28:27Z,1,,""
85194ecf-63e8-41e8-8080-0703863c1de2,ca9f8241-5150-41b7-8ae5-82cad2a67ddf,"",e4cc6178-4af2-446f-9f47-d0c6af78553d,2022-11-01T21:39:36Z,2022-11-01T21:39:41Z,event,unknown,"","",,"","",,"",,,,,,,,human,Yorick Liefting,2022-12-14T15:12:16Z,1,,""
e216c7f5-896e-4446-8254-d0c17a0a20d0,ca9f8241-5150-41b7-8ae5-82cad2a67ddf,"",e216c7f5-896e-4446-8254-d0c17a0a20d0,2022-11-01T22:00:00Z,2022-11-01T22:00:00Z,event,unclassified,"","",,"","",,"",,,,,,,,"","",,,,""
7ae86c3d-4e95-4ee1-b099-ed991dcefe34,ca9f8241-5150-41b7-8ae5-82cad2a67ddf,"",613c59d5-864b-420b-a988-ce2ea3dee0f0,2022-11-04T23:23:35Z,2022-11-04T23:23:40Z,event,animal,"",Martes martes,1,"","",,7ae86c3d-4e95-4ee1-b099-ed991dcefe34,,,4.0617955245,,,,,human,Patrick Jansen,2022-12-19T20:39:23Z,1,,""
93345cd6-9a14-4a28-9064-e4abe2fc8ca7,ca9f8241-5150-41b7-8ae5-82cad2a67ddf,"",d99201a7-c210-44b8-b253-d8871185a051,2022-11-05T01:04:33Z,2022-11-05T01:04:38Z,event,animal,"",Martes martes,1,"","",,93345cd6-9a14-4a28-9064-e4abe2fc8ca7,,,2.9628567141,,,,,human,Patrick Jansen,2022-12-19T20:40:12Z,1,,""
491ae77e-bc81-4322-967a-1caf15f645c1,ca9f8241-5150-41b7-8ae5-82cad2a67ddf,"",40d7ed8c-eee5-4003-8379-ee1eec3b0fe6,2022-11-05T17:01:15Z,2022-11-05T17:01:22Z,event,blank,"","",,"","",,"",,,,,,,,human,Yorick Liefting,2022-12-14T15:13:42Z,1,,""
e003cc69-65e3-4fd5-b344-f9930cadac2b,ca9f8241-5150-41b7-8ae5-82cad2a67ddf,"",4bd7825f-fbd9-40f0-a073-250c8a1a231d,2022-11-05T18:48:46Z,2022-11-05T18:49:24Z,event,animal,"",Cervus elaphus,1,"","",,"",,,,,,,,human,Yorick Liefting,2022-12-14T15:14:12Z,1,,""
e3a29732-5de9-4d56-a87c-9ce92f3dff79,ca9f8241-5150-41b7-8ae5-82cad2a67ddf,"",43ab5e54-031d-4676-aa4f-ef1c2fd01842,2022-11-05T20:34:34Z,2022-11-05T20:34:39Z,event,animal,"",Capreolus capreolus,2,"","",,"",,,,,,,,human,Yorick Liefting,2022-12-14T15:14:58Z,1,,""
c6412484-9359-4618-b3a7-f4beb8ab5b4d,ca9f8241-5150-41b7-8ae5-82cad2a67ddf,"",c473d2e0-193e-4107-8d63-a57983112edf,2022-11-06T00:17:57Z,2022-11-06T00:18:02Z,event,animal,"",Capreolus capreolus,1,"","",,"",,,,,,,,human,Yorick Liefting,2022-12-14T15:15:09Z,1,,""
a35b3fde-babd-47c7-b714-f13e190db910,ca9f8241-5150-41b7-8ae5-82cad2a67ddf,"",278e8c56-429c-4f63-b10e-bd39df84bc11,2022-11-10T01:38:45Z,2022-11-10T01:38:51Z,event,animal,"",Vulpes vulpes,1,"","",,"",,,,,,,,human,Yorick Liefting,2022-12-14T15:21:04Z,1,,""
92780274-cf34-4d4b-9b65-dd06c71e3bfc,ca9f8241-5150-41b7-8ae5-82cad2a67ddf,"",ff7cbbe0-1782-4c37-b406-4e689eec5dff,2022-11-11T04:11:08Z,2022-11-11T04:11:22Z,event,animal,"",Felis catus,1,"","",,"",,,,,,,,human,Yorick Liefting,2022-12-14T15:21:37Z,1,,""
ccfed31d-8ebe-477e-abbc-e918f625385e,ca9f8241-5150-41b7-8ae5-82cad2a67ddf,"",c6385e59-f1d7-4607-8015-e80b5aa2e388,2022-11-11T21:08:30Z,2022-11-11T21:08:36Z,event,animal,"",Sus scrofa,1,"","",,ccfed31d-8ebe-477e-abbc-e918f625385e,,,39.734430333,,,,,human,Yorick Liefting,2022-12-14T15:22:28Z,1,,""
fc27ed74-6909-4178-8ec1-6a780933e245,ca9f8241-5150-41b7-8ae5-82cad2a67ddf,"",92610af4-02c1-47d8-8d49-d761f614b183,2022-11-11T22:23:17Z,2022-11-11T22:23:22Z,event,animal,"",Vulpes vulpes,1,"","",,"",,,,,,,,human,Yorick Liefting,2022-12-14T15:22:49Z,1,,""
941288fb-d64b-44fc-b0a0-81d083671896,ca9f8241-5150-41b7-8ae5-82cad2a67ddf,"",6a4542be-47b6-4407-8dc2-bd959c0e3bf4,2022-11-12T02:08:20Z,2022-11-12T02:08:25Z,event,animal,"",Sciurus vulgaris,1,"","",,"",,,,,,,,human,Patrick Jansen,2022-12-19T17:50:08Z,1,,""
162638e3-5a87-42c1-91f6-400bff5cc127,ca9f8241-5150-41b7-8ae5-82cad2a67ddf,"",482d8e30-a4ef-44b6-bdcd-c6c543ba1da8,2022-11-15T09:49:59Z,2022-11-15T09:50:05Z,event,human,"",Homo sapiens,1,"","",,"",,,,,,,,human,Yorick Liefting,2022-12-14T15:23:56Z,1,,SBB
a96f1306-070d-4aba-8192-83f8d85e83ca,ca9f8241-5150-41b7-8ae5-82cad2a67ddf,"",1b072c32-d65d-45eb-b9d0-9b2afe18e32e,2022-11-20T06:20:01Z,2022-11-20T06:20:06Z,event,animal,"",Sus scrofa,1,"","",,"",,,,,,,,human,Yorick Liefting,2022-12-14T15:27:10Z,1,,""
53fdee1a-8e50-467f-854a-209ebbdb3024,ca9f8241-5150-41b7-8ae5-82cad2a67ddf,"",0504c116-1a77-4cd7-b10f-1797efd1a3aa,2022-12-01T23:58:30Z,2022-12-01T23:58:52Z,event,animal,"",Cervus elaphus,1,"","",,"",,,,,,,,human,Yorick Liefting,2022-12-14T15:34:26Z,1,,""
8c5a516d-bc70-4dda-84fd-682f06d48419,ca9f8241-5150-41b7-8ae5-82cad2a67ddf,"",d09d423d-30b4-4ec1-8ee5-13f8db7738e2,2022-12-03T06:28:08Z,2022-12-03T06:28:20Z,event,animal,"",Lepus europaeus,1,"","",,"",,,,,,,,human,Yorick Liefting,2022-12-14T15:35:36Z,1,,""
08d30b9a-8fdb-4893-b913-684d4310f1cd,ca9f8241-5150-41b7-8ae5-82cad2a67ddf,"",fd5ace6e-5fe7-44f0-922d-9a62d3e34c4e,2022-12-04T01:33:04Z,2022-12-04T01:34:49Z,event,animal,"",Canis lupus,1,"","",,08d30b9a-8fdb-4893-b913-684d4310f1cd,,,15.1980600817,,,,,human,Yorick Liefting,2022-12-19T17:45:20Z,1,,""
37a73f17-0165-4457-ad9a-fdfebe9f4a83,ca9f8241-5150-41b7-8ae5-82cad2a67ddf,"",fd5ace6e-5fe7-44f0-922d-9a62d3e34c4e,2022-12-04T01:33:04Z,2022-12-04T01:34:49Z,event,animal,"",Capreolus capreolus,1,"","",,37a73f17-0165-4457-ad9a-fdfebe9f4a83,,,,,,,,human,Patrick Jansen,2022-12-15T12:13:16Z,1,,Chased by two wolves
764a0cbf-724b-4d44-8467-81a1a76f8976,ca9f8241-5150-41b7-8ae5-82cad2a67ddf,"",fd5ace6e-5fe7-44f0-922d-9a62d3e34c4e,2022-12-04T01:33:04Z,2022-12-04T01:34:49Z,event,animal,"",Canis lupus,1,"","",,"",,,,,,,,human,Yorick Liefting,2022-12-19T17:45:26Z,1,,""
6824fe3f-2ba2-455b-8fcc-d45c596ad1c1,ca9f8241-5150-41b7-8ae5-82cad2a67ddf,"",4816bd49-3ba2-4978-b1e7-58f5a3a5c867,2022-12-06T08:26:13Z,2022-12-06T08:26:19Z,event,unclassified,setup,"",,"","",,"",,,,,,,,human,Yorick Liefting,2022-12-14T15:38:49Z,1,,""
5929cc09-0e7b-46e2-8f85-a3676b185879,ce0af402-58c4-48c6-b7b5-de6a5b8904e7,"",5929cc09-0e7b-46e2-8f85-a3676b185879,2024-10-14T22:00:00Z,2024-10-14T22:00:00Z,event,unclassified,"","",,"","",,"",,,,,,,,"","",,,,""
055803ce-f5d8-4267-8e2c-50516144ac6c,ce0af402-58c4-48c6-b7b5-de6a5b8904e7,"",055803ce-f5d8-4267-8e2c-50516144ac6c,2024-10-15T10:00:00Z,2024-10-15T10:00:00Z,event,unclassified,"","",,"","",,"",,,,,,,,"","",,,,""
f21dc2ab-a52f-49cc-968b-6953d94bb98c,ce0af402-58c4-48c6-b7b5-de6a5b8904e7,"",7ff8cf1c-7a54-4156-88c7-3703d29a2fa1,2024-10-16T17:33:11Z,2024-10-16T17:33:29Z,event,unknown,"","",,"","",,"",,,,,,,,human,Laurens Dijkhuis,2024-12-20T13:16:09Z,1,,""
6dfeb486-dd45-4442-9aa4-6cd5b04a4e87,ce0af402-58c4-48c6-b7b5-de6a5b8904e7,"",6dfeb486-dd45-4442-9aa4-6cd5b04a4e87,2024-10-22T10:00:00Z,2024-10-22T10:00:00Z,event,unclassified,"","",,"","",,"",,,,,,,,"","",,,,""
d6cb83d4-604b-47dd-84fa-f89c10397bec,ce0af402-58c4-48c6-b7b5-de6a5b8904e7,"",d6cb83d4-604b-47dd-84fa-f89c10397bec,2024-10-29T22:00:00Z,2024-10-29T22:00:00Z,event,unclassified,"","",,"","",,"",,,,,,,,"","",,,,""
8159fe06-f705-4b17-9635-0c0f70639f13,ce0af402-58c4-48c6-b7b5-de6a5b8904e7,"",8159fe06-f705-4b17-9635-0c0f70639f13,2024-11-05T22:00:00Z,2024-11-05T22:00:00Z,event,unclassified,"","",,"","",,"",,,,,,,,"","",,,,""
b57ae881-a34d-4b3a-9e68-ff0d90913eca,ce0af402-58c4-48c6-b7b5-de6a5b8904e7,"",b57ae881-a34d-4b3a-9e68-ff0d90913eca,2024-11-13T10:00:00Z,2024-11-13T10:00:00Z,event,unclassified,"","",,"","",,"",,,,,,,,"","",,,,""
d92d0429-b78d-4143-b6e5-d3d691e24013,ce0af402-58c4-48c6-b7b5-de6a5b8904e7,"",d92d0429-b78d-4143-b6e5-d3d691e24013,2024-11-20T10:00:00Z,2024-11-20T10:00:00Z,event,unclassified,"","",,"","",,"",,,,,,,,"","",,,,""
e178bc18-aaa4-43ee-9975-6148dce618ae,ce0af402-58c4-48c6-b7b5-de6a5b8904e7,"",cb0edb5f-1a44-47b9-b6d2-8ac28cd1e4ea,2024-11-23T05:04:05Z,2024-11-23T05:04:11Z,event,animal,"",Cervus elaphus,2,"","",,"",,,,,,,,human,Laurens Dijkhuis,2024-12-20T13:16:32Z,1,,""
b67fc708-9b80-449a-9fc2-e858557110d6,ce0af402-58c4-48c6-b7b5-de6a5b8904e7,"",b67fc708-9b80-449a-9fc2-e858557110d6,2024-11-27T22:00:00Z,2024-11-27T22:00:00Z,event,unclassified,"","",,"","",,"",,,,,,,,"","",,,,""
b0c85dd7-6d8f-4000-9327-d43d28c2d14c,ce0af402-58c4-48c6-b7b5-de6a5b8904e7,"",40d38818-d711-4d0f-9033-db6a3a62ca4e,2024-12-02T13:15:12Z,2024-12-02T13:15:18Z,event,human,"",Homo sapiens,1,"","",,"",,,,,,,,human,Laurens Dijkhuis,2024-12-20T13:19:10Z,1,,""
5b800dbf-dbe3-44f9-b198-19c2a2dd60c4,ce0af402-58c4-48c6-b7b5-de6a5b8904e7,"",5b800dbf-dbe3-44f9-b198-19c2a2dd60c4,2024-12-02T22:00:00Z,2024-12-02T22:00:00Z,event,unclassified,"","",,"","",,"",,,,,,,,"","",,,,""
bd542ea9-3fe5-4b91-a04f-356a9b216207,ce0af402-58c4-48c6-b7b5-de6a5b8904e7,"",540c3e4a-b93f-4c8e-9432-301d77bdcced,2024-12-04T23:55:04Z,2024-12-04T23:55:10Z,event,animal,"",Martes martes,1,"","",,"",,,,,,,,human,Laurens Dijkhuis,2024-12-20T13:20:16Z,1,,""
41d5ce85-6f0d-4062-b4fd-6e07663521d8,ce0af402-58c4-48c6-b7b5-de6a5b8904e7,"",164cc50d-c3a4-4711-9240-5b7d3702a151,2024-12-08T10:10:36Z,2024-12-08T10:10:41Z,event,animal,"",Canis lupus familiaris,1,"","",,"",,,,,,,,human,Laurens Dijkhuis,2024-12-20T13:20:37Z,1,,""
63842ff8-fd73-402f-8154-9483a2022e5c,ce0af402-58c4-48c6-b7b5-de6a5b8904e7,"",63842ff8-fd73-402f-8154-9483a2022e5c,2024-12-10T10:00:00Z,2024-12-10T10:00:00Z,event,unclassified,"","",,"","",,"",,,,,,,,"","",,,,""
81a72517-396e-48b3-83e0-654c3ae72cc4,ce0af402-58c4-48c6-b7b5-de6a5b8904e7,"",e7672f08-ded8-4df4-9c1a-9ad52fa0403e,2024-12-16T19:00:28Z,2024-12-16T19:02:31Z,event,animal,"",Sus scrofa,1,"","",,81a72517-396e-48b3-83e0-654c3ae72cc4,,,1.1630134221,,,,,human,Anouk van der Schaaf,2024-12-20T13:23:00Z,1,,""
043d1569-dd41-4d8e-9084-03335586807a,ce0af402-58c4-48c6-b7b5-de6a5b8904e7,"",043d1569-dd41-4d8e-9084-03335586807a,2024-12-17T10:00:00Z,2024-12-17T10:00:00Z,event,unclassified,"","",,"","",,"",,,,,,,,"","",,,,""
40aabb6f-7406-4ca4-901f-2d442a415c74,ce0af402-58c4-48c6-b7b5-de6a5b8904e7,"",79657133-637b-40c3-88ca-33df8e7c8f63,2024-12-17T10:01:40Z,2024-12-17T10:02:04Z,event,unclassified,setup,"",,"","",,"",,,,,,,,human,Laurens Dijkhuis,2024-12-20T13:23:17Z,1,,""
5a4ff1d3-89c4-4cae-9106-725a90a9c593,ee823a3d-a44b-436a-a036-9604b6de6f77,"",5a4ff1d3-89c4-4cae-9106-725a90a9c593,2023-10-18T10:00:00Z,2023-10-18T10:00:00Z,event,unclassified,"","",,"","",,"",,,,,,,,"","",,,,""
d4d63135-eccb-4785-93d7-a558a728131b,ee823a3d-a44b-436a-a036-9604b6de6f77,"",d4d63135-eccb-4785-93d7-a558a728131b,2023-10-18T22:00:00Z,2023-10-18T22:00:00Z,event,unclassified,"","",,"","",,"",,,,,,,,"","",,,,""
66e5495c-df5a-48ea-97db-4ec55819a10c,ee823a3d-a44b-436a-a036-9604b6de6f77,"",66e5495c-df5a-48ea-97db-4ec55819a10c,2023-10-20T22:00:00Z,2023-10-20T22:00:00Z,event,unclassified,"","",,"","",,"",,,,,,,,"","",,,,""
0d446bf0-8231-4329-bfed-f3e46161fe4c,ee823a3d-a44b-436a-a036-9604b6de6f77,"",0d446bf0-8231-4329-bfed-f3e46161fe4c,2023-10-22T10:00:00Z,2023-10-22T10:00:00Z,event,unclassified,"","",,"","",,"",,,,,,,,"","",,,,""
6fa0620b-f00e-4809-bf9a-c26516fe6399,ee823a3d-a44b-436a-a036-9604b6de6f77,"",6fa0620b-f00e-4809-bf9a-c26516fe6399,2023-10-24T10:00:00Z,2023-10-24T10:00:00Z,event,unclassified,"","",,"","",,"",,,,,,,,"","",,,,""
51fbcf2f-77a5-4d9e-966a-fc1ed1294c69,ee823a3d-a44b-436a-a036-9604b6de6f77,"",51fbcf2f-77a5-4d9e-966a-fc1ed1294c69,2023-10-25T22:00:00Z,2023-10-25T22:00:00Z,event,unclassified,"","",,"","",,"",,,,,,,,"","",,,,""
fc3a4cb1-da13-4243-a99e-9327721ea444,ee823a3d-a44b-436a-a036-9604b6de6f77,"",f6ec281a-5d25-478d-8d9e-6d050ff777e0,2023-10-26T19:48:02Z,2023-10-26T19:48:21Z,event,animal,"",Cervus elaphus,1,adult,male,,fc3a4cb1-da13-4243-a99e-9327721ea444,,,0.9825842024,,,,,human,Laurens Dijkhuis,2023-12-19T21:11:51Z,1,,Afgebroken stang
6956fe3b-0cb9-4889-b4ed-63c73cd8285e,ee823a3d-a44b-436a-a036-9604b6de6f77,"",6956fe3b-0cb9-4889-b4ed-63c73cd8285e,2023-10-27T22:00:00Z,2023-10-27T22:00:00Z,event,unclassified,"","",,"","",,"",,,,,,,,"","",,,,""
511fc24e-9e85-48e3-998d-df4f6d798ae0,ee823a3d-a44b-436a-a036-9604b6de6f77,"",afa9480d-bea7-4107-be17-990c92d34c6c,2023-10-29T05:50:10Z,2023-10-29T05:50:16Z,event,animal,"",Cervus elaphus,1,adult,female,,511fc24e-9e85-48e3-998d-df4f6d798ae0,,,1.761558989,,,,,human,Laurens Dijkhuis,2023-12-19T21:12:15Z,1,,""
d6dff9d1-448f-4763-87fd-ea4b26d48b75,ee823a3d-a44b-436a-a036-9604b6de6f77,"",d6dff9d1-448f-4763-87fd-ea4b26d48b75,2023-10-29T10:00:00Z,2023-10-29T10:00:00Z,event,unclassified,"","",,"","",,"",,,,,,,,"","",,,,""
e3a06f28-e315-4fbb-bee5-19c71a4c9695,ee823a3d-a44b-436a-a036-9604b6de6f77,"",e3a06f28-e315-4fbb-bee5-19c71a4c9695,2023-10-31T10:00:00Z,2023-10-31T10:00:00Z,event,unclassified,"","",,"","",,"",,,,,,,,"","",,,,""
da2f3099-82a9-4fd6-9f7a-a77605f2c927,ee823a3d-a44b-436a-a036-9604b6de6f77,"",f4d31db0-eced-4c2c-bf29-715e4cef3ce6,2023-10-31T16:59:39Z,2023-10-31T16:59:55Z,event,animal,"",Capreolus capreolus,1,adult,male,,da2f3099-82a9-4fd6-9f7a-a77605f2c927,,,1.7772935704,,,,,human,Jari Bos,2023-12-19T21:12:38Z,1,,""
6168c4c4-d8e8-44d4-b323-6c24367bee3f,ee823a3d-a44b-436a-a036-9604b6de6f77,"",7440f551-411f-45ea-97a7-c8d38b269e32,2023-11-01T03:17:27Z,2023-11-01T03:19:12Z,event,animal,"",Capreolus capreolus,1,adult,male,,"",,,,,,,,human,Patrick Jansen,2023-12-19T21:13:05Z,1,,""
743e7133-4299-4b14-ba9b-a557a7ea4e3c,ee823a3d-a44b-436a-a036-9604b6de6f77,"",96674e4e-fb91-4385-a473-d5456f051486,2023-11-01T17:00:32Z,2023-11-01T17:00:37Z,event,animal,"",Martes martes,1,adult,"",,743e7133-4299-4b14-ba9b-a557a7ea4e3c,,,3.4347647294,,,,,human,Anouk van der Schaaf,2023-12-19T21:13:30Z,1,,""
fbc2f122-48b7-46d0-b3b7-7d804cc86849,ee823a3d-a44b-436a-a036-9604b6de6f77,"",fbc2f122-48b7-46d0-b3b7-7d804cc86849,2023-11-01T22:00:00Z,2023-11-01T22:00:00Z,event,unclassified,"","",,"","",,"",,,,,,,,"","",,,,""
432ad7a5-7c63-4ee9-9372-5529087874b8,ee823a3d-a44b-436a-a036-9604b6de6f77,"",56d701d7-ab2c-417f-b7e2-a617ab7f1ca4,2023-11-03T04:21:08Z,2023-11-03T04:21:34Z,event,animal,"",Sus scrofa,2,adult,"",,"",,,,,,,,human,Patrick Jansen,2023-12-19T21:14:15Z,1,,""
14df1e22-1d86-4e1b-9748-bf41f45a43c0,ee823a3d-a44b-436a-a036-9604b6de6f77,"",14df1e22-1d86-4e1b-9748-bf41f45a43c0,2023-11-03T10:00:00Z,2023-11-03T10:00:00Z,event,unclassified,"","",,"","",,"",,,,,,,,"","",,,,""
92adfb55-b223-4e83-bd3a-67c6a0e91c02,ee823a3d-a44b-436a-a036-9604b6de6f77,"",86d08e22-9239-4a18-ae9a-8cb869b93e34,2023-11-03T12:50:47Z,2023-11-03T12:50:54Z,event,unclassified,setup,"",,"","",,"",,,,,,,,human,Patrick Jansen,2023-12-19T21:14:26Z,1,,""
5d005913-f0a9-456f-9343-6b86100ff632,eff7ca42-cb32-4d0c-b41a-2a17d774a258,"",b4115385-e611-4d0e-9dc4-e1f571966286,2023-10-18T11:01:57Z,2023-10-18T11:02:31Z,event,unclassified,setup,"",,"","",,"",,,,,,,,human,Patrick Jansen,2023-12-27T07:25:52Z,1,,""
931f8b05-7ec6-413b-8ba7-204676e58fff,eff7ca42-cb32-4d0c-b41a-2a17d774a258,"",23fc1709-2f28-4a82-a42c-d59b301d8de0,2023-10-18T11:30:00Z,2023-10-18T11:30:06Z,event,blank,"","",,"","",,"",,,,,,,,machine,Europe v5,2023-12-21T11:15:56Z,,,""
70dda1c2-c748-461e-9e64-7e092e86cfe2,eff7ca42-cb32-4d0c-b41a-2a17d774a258,"",df40e7e3-3730-4bd2-9a6c-9f28829d0b33,2023-10-18T22:00:00Z,2023-10-18T22:00:00Z,event,animal,"",Sus scrofa,1,"","",,"",,,,,,,,machine,Europe v5,2023-12-21T10:25:51Z,0.82,,""
efd5d32d-0385-49b3-beb3-593cc06d1e86,eff7ca42-cb32-4d0c-b41a-2a17d774a258,"",ad1e1dcf-4dbf-442c-a064-8d72bdb52754,2023-10-19T10:00:00Z,2023-10-19T10:00:00Z,event,blank,"","",,"","",,"",,,,,,,,machine,Europe v5,2023-12-21T10:26:34Z,,,""
1f61b4f8-6657-47db-a431-0c7b8fbeba4a,eff7ca42-cb32-4d0c-b41a-2a17d774a258,"",1f61b4f8-6657-47db-a431-0c7b8fbeba4a,2023-10-19T22:00:00Z,2023-10-19T22:00:00Z,event,unclassified,"","",,"","",,"",,,,,,,,"","",,,,""
69efe547-1609-4990-9709-6415d9b097b6,eff7ca42-cb32-4d0c-b41a-2a17d774a258,"",d102ae2b-05f9-4e6d-a9d2-78601d899bf4,2023-10-24T17:41:49Z,2023-10-24T17:41:54Z,event,animal,"",Vulpes vulpes,1,"","",,"",,,,,,,,human,Anouk van der Schaaf,2023-12-21T09:59:49Z,1,,No deployment calibration found
28623e46-2ce1-4d41-b75e-7c7156f69597,eff7ca42-cb32-4d0c-b41a-2a17d774a258,"",5b0ed6c9-507f-45cc-a1de-73ef46bf0713,2023-10-24T22:00:00Z,2023-10-24T22:00:00Z,event,animal,"",Sus scrofa,1,"","",,"",,,,,,,,machine,Europe v5,2023-12-21T10:30:46Z,0.81,,""
5916c65a-91df-4999-b648-752842a01390,eff7ca42-cb32-4d0c-b41a-2a17d774a258,"",ed990a05-6a85-4cab-939e-36e9e34e6734,2023-10-25T23:54:45Z,2023-10-25T23:54:50Z,event,animal,"",Meles meles,1,"","",,"",,,,,,,,human,Anouk van der Schaaf,2023-12-21T10:15:21Z,1,,""
6d495b17-c62e-4599-8d3a-7b11f853c0e7,eff7ca42-cb32-4d0c-b41a-2a17d774a258,"",eae35575-b9bc-436c-83a8-c2016fa12057,2023-10-26T18:45:06Z,2023-10-26T18:45:11Z,event,animal,"",Meles meles,1,"","",,"",,,,,,,,human,Anouk van der Schaaf,2023-12-21T09:56:41Z,1,,No deployment calibration found
5f36fab4-a4af-4e5b-8f38-b587eb3d3865,eff7ca42-cb32-4d0c-b41a-2a17d774a258,"",d00e86e4-a19d-4b97-bb2e-449c6a991fb8,2023-10-27T05:00:44Z,2023-10-27T05:00:50Z,event,animal,"",Cervus elaphus,1,"","",,"",,,,,,,,human,Jari Bos,2023-12-21T10:17:25Z,0.5,,""
7c05a60b-d2f8-4d40-86c8-e0f43fae2e55,eff7ca42-cb32-4d0c-b41a-2a17d774a258,"",58f0051b-9964-473e-9197-aa072133d168,2023-10-30T17:28:39Z,2023-10-30T17:28:45Z,event,animal,"",Vulpes vulpes,1,"","",,"",,,,,,,,human,Jari Bos,2024-01-02T11:00:32Z,1,,""
73fe6099-e21d-4531-9106-935ca57e99cd,eff7ca42-cb32-4d0c-b41a-2a17d774a258,"",b7f76b85-d2d9-41cf-9933-c8bfcf12f671,2023-11-01T03:35:26Z,2023-11-01T03:35:31Z,event,animal,"",Cervus elaphus,1,"",male,,"",,,,,,,,human,Jari Bos,2023-12-21T09:48:35Z,1,,""
8616e409-08e4-4077-88ff-86dc90483a40,eff7ca42-cb32-4d0c-b41a-2a17d774a258,"",cd45efa2-f0d8-46de-bb1e-98352a06e731,2023-11-03T06:04:39Z,2023-11-03T06:04:45Z,event,unknown,"","",,"","",,"",,,,,,,,human,Jari Bos,2024-01-02T11:04:50Z,1,,""
2956c11a-34f6-4218-8ed5-7388f08a8488,eff7ca42-cb32-4d0c-b41a-2a17d774a258,"",fafea155-7990-4437-8b54-c02c947bf9a7,2023-11-10T05:29:01Z,2023-11-10T05:29:07Z,event,animal,"",Martes martes,1,adult,"",,"",,,,,,,,human,Anouk van der Schaaf,2023-12-21T10:08:47Z,1,,No deployment calibration found
ae311c3c-4a94-4b4d-93a8-9e22a8bc8052,eff7ca42-cb32-4d0c-b41a-2a17d774a258,"",4c05baa1-2095-4677-bf05-44e4eed85ffd,2023-11-23T10:00:00Z,2023-11-23T10:00:00Z,event,animal,"",Cyanistes caeruleus,1,"","",,"",,,,,,,,machine,Europe v5,2023-12-21T10:56:40Z,0.74,,""
b75e28be-b97f-4800-b6c6-4b2220bdda0b,eff7ca42-cb32-4d0c-b41a-2a17d774a258,"",da750ae9-b91d-48f0-9dd2-cadea817fbaf,2023-11-27T10:00:00Z,2023-11-27T10:00:00Z,event,animal,"",Rodentia,1,"","",,"",,,,,,,,machine,Europe v5,2023-12-21T11:01:34Z,0.93,,""
19007533-b718-4c7d-8b75-d308acebbc0e,eff7ca42-cb32-4d0c-b41a-2a17d774a258,"",8059665c-0f57-4de2-8a73-f529fa28dfaf,2023-12-01T20:34:08Z,2023-12-01T20:34:14Z,event,animal,"",Martes martes,1,adult,"",,"",,,,,,,,human,Anouk van der Schaaf,2023-12-21T13:31:38Z,1,,No deployment calibration found
28739245-091a-470e-be8f-9971c1c29392,eff7ca42-cb32-4d0c-b41a-2a17d774a258,"",ed72c8d3-4701-4416-9132-23e800fa6a20,2023-12-01T22:00:00Z,2023-12-01T22:00:00Z,event,animal,"",Martes,1,"","",,"",,,,,,,,machine,Europe v5,2023-12-21T11:05:20Z,0.82,,""
2941e32e-5053-4a1c-b366-543df390935a,eff7ca42-cb32-4d0c-b41a-2a17d774a258,"",ac4e59bd-0c24-440f-b33e-8766dceaa177,2023-12-03T13:15:07Z,2023-12-03T13:15:28Z,event,animal,"",Capreolus capreolus,1,"","",,"",,,,,,,,machine,Europe v5,2023-12-21T11:20:32Z,1,,""
d45e699a-f426-4413-b254-9676199d5151,eff7ca42-cb32-4d0c-b41a-2a17d774a258,"",8fe7a877-377d-4cc8-a6f5-4d069f60a4ce,2023-12-04T22:00:00Z,2023-12-04T22:00:00Z,event,animal,"",Martes,1,"","",,"",,,,,,,,machine,Europe v5,2023-12-21T11:08:00Z,0.75,,""
28e781b1-e02a-4807-bdef-4fc3f74483fc,eff7ca42-cb32-4d0c-b41a-2a17d774a258,"",4901118b-a551-4545-b389-7a96c8b59a2e,2023-12-12T11:43:14Z,2023-12-12T11:44:06Z,event,unclassified,setup,"",,"","",,"",,,,,,,,human,Patrick Jansen,2023-12-27T07:48:15Z,1,,""
e8186aa6-6347-4f02-a5fd-ef55ca82220b,fc8d0f9f-55b2-4c29-bc6c-73201e63e19d,"",e8186aa6-6347-4f02-a5fd-ef55ca82220b,2022-10-26T10:00:00Z,2022-10-26T10:00:00Z,event,unclassified,"","",,"","",,"",,,,,,,,"","",,,,""
803a6a5b-57af-48cb-bec8-fd952d4811fe,fc8d0f9f-55b2-4c29-bc6c-73201e63e19d,"",803a6a5b-57af-48cb-bec8-fd952d4811fe,2022-10-26T22:00:00Z,2022-10-26T22:00:00Z,event,unclassified,"","",,"","",,"",,,,,,,,"","",,,,""
bf4973ab-506a-43dd-8197-873a71ebc3c8,fc8d0f9f-55b2-4c29-bc6c-73201e63e19d,"",5d51f396-2f6b-4ae5-8072-732b289ced1b,2022-10-28T04:33:10Z,2022-10-28T04:33:15Z,event,blank,"","",,"","",,"",,,,,,,,human,Yorick Liefting,2022-12-14T15:53:57Z,1,,""
bcbe6463-d921-4e4d-8287-38514314026c,fc8d0f9f-55b2-4c29-bc6c-73201e63e19d,"",94f86029-cea7-41ce-923c-2a999a920f37,2022-10-30T09:58:27Z,2022-10-30T09:58:33Z,event,animal,"",Garrulus glandarius,1,"","",,"",,,,,,,,human,Patrick Jansen,2022-12-20T08:19:46Z,1,,""
02ba7583-f365-4df0-9884-f78877136fbb,fc8d0f9f-55b2-4c29-bc6c-73201e63e19d,"",bdd3f4ae-7df2-4e49-84fe-d1f2404003ca,2022-11-01T17:23:22Z,2022-11-01T17:23:27Z,event,animal,"",Capreolus capreolus,1,"","",,"",,,,,,,,human,Yorick Liefting,2022-12-14T15:59:53Z,1,,""
395d896e-0b5f-46db-9134-b85f9d920bec,fc8d0f9f-55b2-4c29-bc6c-73201e63e19d,"",73bdd033-6aec-4159-ae97-62f2344bfbbf,2022-11-01T17:31:03Z,2022-11-01T17:31:09Z,event,animal,"",Capreolus capreolus,1,"","",,"",,,,,,,,human,Yorick Liefting,2022-12-14T16:00:05Z,1,,""
29970fbe-763e-4678-b6bb-1fe14ea207dc,fc8d0f9f-55b2-4c29-bc6c-73201e63e19d,"",9250eb31-0d54-48f0-837a-31453bcabe65,2022-11-01T19:08:54Z,2022-11-01T19:08:59Z,event,animal,"",Sus scrofa,1,"","",,"",,,,,,,,human,Yorick Liefting,2022-12-14T16:00:20Z,1,,""
4766e5b9-8de2-4789-a49a-ebb67d8953dd,fc8d0f9f-55b2-4c29-bc6c-73201e63e19d,"",26e571cc-8543-4b06-ac50-9231d44703b3,2022-11-05T18:27:52Z,2022-11-05T18:27:58Z,event,animal,"",Vulpes vulpes,1,"","",,"",,,,,,,,human,Yorick Liefting,2022-12-14T16:07:44Z,1,,""
bbaf3086-c7d2-4e6a-a6f0-d13d02f706f4,fc8d0f9f-55b2-4c29-bc6c-73201e63e19d,"",ef10db4a-4c67-496b-926a-6238e5bb5f67,2022-11-07T19:17:41Z,2022-11-07T19:17:47Z,event,animal,"",Sus scrofa,1,"","",,"",,,,,,,,human,Yorick Liefting,2022-12-14T16:11:27Z,1,,""
da32c97f-a6ef-4d8c-ad4f-c65848443955,fc8d0f9f-55b2-4c29-bc6c-73201e63e19d,"",272672a8-7254-408a-95e5-4f9b5234e191,2022-11-09T04:54:07Z,2022-11-09T04:54:12Z,event,animal,"",Vulpes vulpes,1,"","",,"",,,,,,,,human,Yorick Liefting,2022-12-14T16:12:51Z,1,,""
9719f84b-1849-44fb-9fa6-cfb4ea5d6c1a,fc8d0f9f-55b2-4c29-bc6c-73201e63e19d,"",55ba5739-067b-4947-b7e9-21e1d167e9ff,2022-11-14T06:08:33Z,2022-11-14T06:08:38Z,event,animal,"",Cervus elaphus,1,"","",,"",,,,,,,,human,Yorick Liefting,2022-12-14T16:16:57Z,1,,""
cb3e35d5-9ab6-4e2f-a440-8ef7a5dc7293,fc8d0f9f-55b2-4c29-bc6c-73201e63e19d,"",6aae7f68-d660-4388-91e7-48a6f35d2709,2022-11-16T22:10:18Z,2022-11-16T22:10:23Z,event,animal,"",Sus scrofa,4,"","",,"",,,,,,,,human,Yorick Liefting,2022-12-14T16:18:16Z,1,,""
446777f4-67f2-4a12-8f98-6ef7704d5c53,fc8d0f9f-55b2-4c29-bc6c-73201e63e19d,"",4e16e98d-df96-456c-9a11-e6fa175c1081,2022-11-18T16:30:35Z,2022-11-18T16:30:50Z,event,animal,"",Dama dama,1,"","",,"",,,,,,,,human,Yorick Liefting,2022-12-14T16:19:35Z,1,,""
c06d27e2-f645-4833-b248-5b1ec1216d9b,fc8d0f9f-55b2-4c29-bc6c-73201e63e19d,"",85445fcd-515c-406c-b327-c24f23b62115,2022-11-19T19:06:30Z,2022-11-19T19:06:36Z,event,animal,"",Sus scrofa,1,"","",,c06d27e2-f645-4833-b248-5b1ec1216d9b,,,11.3683443098,,,,,human,Yorick Liefting,2022-12-14T16:20:50Z,1,,""
48116544-abcf-4ced-baf0-9545428dbdf0,fc8d0f9f-55b2-4c29-bc6c-73201e63e19d,"",4bff6301-6ebb-4a81-840d-bd3b35e3f65c,2022-11-19T20:55:04Z,2022-11-19T20:55:10Z,event,unknown,"","",,"","",,"",,,,,,,,human,Yorick Liefting,2022-12-14T16:21:31Z,1,,""
1e492bd5-686f-4f09-9a46-e26ec0cad667,fc8d0f9f-55b2-4c29-bc6c-73201e63e19d,"",8000b8b2-4cff-486f-86be-e16620a93375,2022-11-20T03:03:38Z,2022-11-20T03:03:44Z,event,animal,"",Cervus elaphus,1,"","",,"",,,,,,,,human,Yorick Liefting,2022-12-14T16:21:41Z,1,,""
7acf6adf-7e78-42e0-803d-7d7bdba59b62,fc8d0f9f-55b2-4c29-bc6c-73201e63e19d,"",8b41eef7-1a5a-43c7-aafc-e0ba2bf744a0,2022-12-05T08:28:10Z,2022-12-05T08:28:16Z,event,unclassified,setup,"",,"","",,"",,,,,,,,human,Yorick Liefting,2022-12-14T16:38:19Z,1,,""
03424b36-1e1b-49c7-a11e-7067d8fc1adf,fc8d0f9f-55b2-4c29-bc6c-73201e63e19d,"",34ac76e4-d1dc-4ff2-ac23-69ea1ae87248,2022-12-05T08:31:59Z,2022-12-05T08:32:07Z,event,unclassified,setup,"",,"","",,"",,,,,,,,human,Yorick Liefting,2022-12-14T16:38:25Z,1,,""
c3ff6128-a94c-4c28-93d6-1d84e55055ec,013fe229-de87-4e28-b7f5-4bb33983551b,4c5e6651-6512-4bbf-9cab-2781212ed67e,9d4222ef-dcda-49d7-814f-56b88e863483,2022-10-31T06:06:19Z,2022-10-31T06:06:19Z,media,animal,"",Capreolus capreolus,1,"","",,411ee134-71a4-409c-b7b3-74396eec14ea,4.274683899,0.3884232134,,1.0527,0.5757,,,human,Laurens Dijkhuis,2022-12-20T10:56:04Z,1,,""
55a2faba-346e-42d1-881a-ac24fb247f3a,013fe229-de87-4e28-b7f5-4bb33983551b,ba84552d-eb80-4045-b494-1d46d94ed0db,9d4222ef-dcda-49d7-814f-56b88e863483,2022-10-31T06:06:20Z,2022-10-31T06:06:20Z,media,animal,"",Capreolus capreolus,1,"","",,411ee134-71a4-409c-b7b3-74396eec14ea,4.4023091286,0.3592571594,,1.0112,0.5713,,,human,Laurens Dijkhuis,2022-12-20T10:56:04Z,1,,""
ccb6a219-e537-477d-af55-fac88281de73,013fe229-de87-4e28-b7f5-4bb33983551b,2dc37cc6-6423-49b6-994b-761adc415aeb,9d4222ef-dcda-49d7-814f-56b88e863483,2022-10-31T06:06:20Z,2022-10-31T06:06:20Z,media,animal,"",Capreolus capreolus,1,"","",,411ee134-71a4-409c-b7b3-74396eec14ea,4.4241227981,0.3441594373,,0.9897,0.5698,,,human,Laurens Dijkhuis,2022-12-20T10:56:04Z,1,,""
de364d9c-d4da-438f-867f-ec7744baf4d1,013fe229-de87-4e28-b7f5-4bb33983551b,6a124dd8-a85a-451e-ba50-fe109654b854,9d4222ef-dcda-49d7-814f-56b88e863483,2022-10-31T06:06:21Z,2022-10-31T06:06:21Z,media,animal,"",Capreolus capreolus,1,"","",,411ee134-71a4-409c-b7b3-74396eec14ea,4.2132160339,0.2772490781,,0.8945,0.5688,,,human,Laurens Dijkhuis,2022-12-20T10:56:04Z,1,,""
d2ff03a0-6180-4556-b1f7-52b21af37284,013fe229-de87-4e28-b7f5-4bb33983551b,5342c91a-5981-4c6e-8fed-b4540cd293fc,9d4222ef-dcda-49d7-814f-56b88e863483,2022-10-31T06:06:22Z,2022-10-31T06:06:22Z,media,animal,"",Capreolus capreolus,1,"","",,411ee134-71a4-409c-b7b3-74396eec14ea,4.5599947251,0.2604357058,,0.8706,0.5615,,,human,Laurens Dijkhuis,2022-12-20T10:56:04Z,1,,""
0d0f05fe-51b9-487a-aa21-19b9d7c95d75,013fe229-de87-4e28-b7f5-4bb33983551b,6ee6bff2-8754-4044-a419-be77dbcb9247,9d4222ef-dcda-49d7-814f-56b88e863483,2022-10-31T06:06:22Z,2022-10-31T06:06:22Z,media,animal,"",Capreolus capreolus,1,"","",,411ee134-71a4-409c-b7b3-74396eec14ea,5.2132812434,0.2065642884,,0.7939,0.5483,,,human,Laurens Dijkhuis,2022-12-20T10:56:04Z,1,,""
f31b7eec-3c78-4c98-82b6-f186983cd6df,013fe229-de87-4e28-b7f5-4bb33983551b,53bb0b0f-863d-42db-9212-f71b7e0e7c21,9d4222ef-dcda-49d7-814f-56b88e863483,2022-10-31T06:06:23Z,2022-10-31T06:06:23Z,media,animal,"",Capreolus capreolus,1,"","",,411ee134-71a4-409c-b7b3-74396eec14ea,6.9989667135,0.1791138846,,0.7549,0.5298,,,human,Laurens Dijkhuis,2022-12-20T10:56:04Z,1,,""
6e1b10b8-fd26-48b6-b926-574ece53a82e,013fe229-de87-4e28-b7f5-4bb33983551b,d13dc216-6dfa-4ecc-9dba-dc9f19924ccd,9d4222ef-dcda-49d7-814f-56b88e863483,2022-10-31T06:06:24Z,2022-10-31T06:06:24Z,media,animal,"",Capreolus capreolus,1,"","",,411ee134-71a4-409c-b7b3-74396eec14ea,9.2816112164,0.1341638484,,0.6909,0.5146,,,human,Laurens Dijkhuis,2022-12-20T10:56:04Z,1,,""
c2232421-8cf1-4fb9-b069-4ccab17a1b64,013fe229-de87-4e28-b7f5-4bb33983551b,6dbb7bc8-1b9d-495e-b955-c796e460edbf,9d4222ef-dcda-49d7-814f-56b88e863483,2022-10-31T06:06:24Z,2022-10-31T06:06:24Z,media,animal,"",Capreolus capreolus,1,"","",,411ee134-71a4-409c-b7b3-74396eec14ea,11.0560738017,0.1001939738,,0.6426,0.5063,,,human,Laurens Dijkhuis,2022-12-20T10:56:04Z,1,,""
4d22d31b-890f-436c-b753-8fdc740170a9,013fe229-de87-4e28-b7f5-4bb33983551b,a655ae45-0661-4aa5-958f-ba0321244bff,9d4222ef-dcda-49d7-814f-56b88e863483,2022-10-31T06:06:26Z,2022-10-31T06:06:26Z,media,animal,"",Capreolus capreolus,1,"","",,411ee134-71a4-409c-b7b3-74396eec14ea,9.3416202821,0.021960323,,0.5312,0.5063,,,human,Laurens Dijkhuis,2022-12-20T10:56:04Z,1,,""
7a6420a6-a013-4c98-9e5e-f05f20ae2c94,013fe229-de87-4e28-b7f5-4bb33983551b,dcf6ebc8-e3d1-4f33-92c4-d4213dbc6a98,9d4222ef-dcda-49d7-814f-56b88e863483,2022-10-31T06:06:27Z,2022-10-31T06:06:27Z,media,animal,"",Capreolus capreolus,1,"","",,411ee134-71a4-409c-b7b3-74396eec14ea,12.5201476945,-0.0061763408,,0.4912,0.4951,,,human,Laurens Dijkhuis,2022-12-20T10:56:04Z,1,,""
288bc93f-b974-4331-badc-0c2bcd8bd3dc,013fe229-de87-4e28-b7f5-4bb33983551b,2dbfad65-0465-4485-9568-bff273b50074,9d4222ef-dcda-49d7-814f-56b88e863483,2022-10-31T06:06:27Z,2022-10-31T06:06:27Z,media,animal,"",Capreolus capreolus,1,"","",,411ee134-71a4-409c-b7b3-74396eec14ea,11.3512092862,-0.0109801615,,0.4844,0.4976,,,human,Laurens Dijkhuis,2022-12-20T10:56:04Z,1,,""
46c06b7f-f46b-448e-ac2d-b5fcfd7ef1a8,013fe229-de87-4e28-b7f5-4bb33983551b,049512a0-baba-42f7-87fc-ca9ac11a957e,9d4222ef-dcda-49d7-814f-56b88e863483,2022-10-31T06:06:29Z,2022-10-31T06:06:29Z,media,animal,"",Capreolus capreolus,1,"","",,411ee134-71a4-409c-b7b3-74396eec14ea,13.0229529235,-0.0459794263,,0.4346,0.4912,,,human,Laurens Dijkhuis,2022-12-20T10:56:04Z,1,,""
1a483aa7-4cf6-4440-b8bc-32427715bf6f,013fe229-de87-4e28-b7f5-4bb33983551b,e6f1935c-8b61-41a2-b194-9cf1498cbdea,9d4222ef-dcda-49d7-814f-56b88e863483,2022-10-31T06:06:30Z,2022-10-31T06:06:30Z,media,animal,"",Capreolus capreolus,1,"","",,411ee134-71a4-409c-b7b3-74396eec14ea,16.6372818841,-0.0624496686,,0.4111,0.4844,,,human,Laurens Dijkhuis,2022-12-20T10:56:04Z,1,,""
321fac37-4735-4eab-958d-76b403c6de10,013fe229-de87-4e28-b7f5-4bb33983551b,4af3e733-08d4-4a74-844b-ff607fe57fd4,9d4222ef-dcda-49d7-814f-56b88e863483,2022-10-31T06:06:31Z,2022-10-31T06:06:31Z,media,animal,"",Capreolus capreolus,1,"","",,411ee134-71a4-409c-b7b3-74396eec14ea,15.0443744271,-0.1060271846,,0.3491,0.4834,,,human,Laurens Dijkhuis,2022-12-20T10:56:04Z,1,,""
74cd147e-63d4-4f3e-8a25-703fadbfd420,013fe229-de87-4e28-b7f5-4bb33983551b,33ae9fe3-489b-4f95-870d-ae50c44e9c5f,9d4222ef-dcda-49d7-814f-56b88e863483,2022-10-31T06:06:33Z,2022-10-31T06:06:33Z,media,animal,"",Capreolus capreolus,1,"","",,411ee134-71a4-409c-b7b3-74396eec14ea,14.1311621243,-0.1262718574,,0.3203,0.4834,,,human,Laurens Dijkhuis,2022-12-20T10:56:04Z,1,,""
009877ed-6c5e-4c61-aaba-852c739bd42f,013fe229-de87-4e28-b7f5-4bb33983551b,7176708b-23f7-412f-831f-4b31bf3e77e5,9d4222ef-dcda-49d7-814f-56b88e863483,2022-10-31T06:06:34Z,2022-10-31T06:06:34Z,media,animal,"",Capreolus capreolus,1,"","",,411ee134-71a4-409c-b7b3-74396eec14ea,17.32819911,-0.153036001,,0.2822,0.4771,,,human,Laurens Dijkhuis,2022-12-20T10:56:04Z,1,,""
98239ede-d41e-4c33-8b3e-4a4a3a5c754c,013fe229-de87-4e28-b7f5-4bb33983551b,9d86c7e0-55db-431b-b4c2-81560b43aef7,9d4222ef-dcda-49d7-814f-56b88e863483,2022-10-31T06:06:35Z,2022-10-31T06:06:35Z,media,animal,"",Capreolus capreolus,1,"","",,411ee134-71a4-409c-b7b3-74396eec14ea,17.7214414435,-0.1605848621,,0.2715,0.4761,,,human,Laurens Dijkhuis,2022-12-20T10:56:04Z,1,,""
8df3d27b-57af-456b-a54e-9c978d6f119e,013fe229-de87-4e28-b7f5-4bb33983551b,c095fdb1-f9c4-4c83-8c26-8b17ceb5e7e7,9d4222ef-dcda-49d7-814f-56b88e863483,2022-10-31T06:06:37Z,2022-10-31T06:06:37Z,media,animal,"",Capreolus capreolus,1,"","",,411ee134-71a4-409c-b7b3-74396eec14ea,19.8578195009,-0.1523497409,,0.2832,0.4746,,,human,Laurens Dijkhuis,2022-12-20T10:56:04Z,1,,""
66a23150-65d9-40fc-a963-945181f23b50,013fe229-de87-4e28-b7f5-4bb33983551b,3f26876b-fb48-4e16-8efc-300bd87b29dc,9d4222ef-dcda-49d7-814f-56b88e863483,2022-10-31T06:06:37Z,2022-10-31T06:06:37Z,media,animal,"",Capreolus capreolus,1,"","",,411ee134-71a4-409c-b7b3-74396eec14ea,17.2373437024,-0.1273012475,,0.3188,0.479,,,human,Laurens Dijkhuis,2022-12-20T10:56:04Z,1,,""
817f8ef2-5b82-4628-b0c4-86ca90f073b5,0cc483d0-e4fd-4a55-a4d6-82e3c0a25382,b449b94b-3106-4942-ba1d-e4257ea0b500,68004edb-a6ce-4b0d-a1d9-bef28ddac747,2022-11-03T02:58:34Z,2022-11-03T02:58:34Z,media,animal,"",Meles meles,1,"","",,face8981-0c46-4344-a9d4-654f7159a972,16.1357476529,0.1393107992,,0.6982,0.3784,,,human,Patrick Jansen,2022-12-19T21:13:04Z,1,,""
fd460025-ac3b-4da4-ba04-be98b01f085a,0cc483d0-e4fd-4a55-a4d6-82e3c0a25382,d7935269-bd68-4965-beda-627a4b8f2f7d,68004edb-a6ce-4b0d-a1d9-bef28ddac747,2022-11-03T02:58:35Z,2022-11-03T02:58:35Z,media,animal,"",Meles meles,1,"","",,face8981-0c46-4344-a9d4-654f7159a972,16.3258650464,0.1098016151,,0.6562,0.3774,,,human,Patrick Jansen,2022-12-19T21:13:04Z,1,,""
a90a8c11-c8f6-4fdb-b665-ddadfe20feb4,0cc483d0-e4fd-4a55-a4d6-82e3c0a25382,4bf29986-a69f-4290-b702-12cbf6bc56d2,68004edb-a6ce-4b0d-a1d9-bef28ddac747,2022-11-03T02:58:35Z,2022-11-03T02:58:35Z,media,animal,"",Meles meles,1,"","",,face8981-0c46-4344-a9d4-654f7159a972,17.0099372507,0.0782336508,,0.6113,0.3755,,,human,Patrick Jansen,2022-12-19T21:13:04Z,1,,""
33056671-0f03-44cd-9ca6-687ac596ad66,0cc483d0-e4fd-4a55-a4d6-82e3c0a25382,42155921-c29b-44c0-819e-c7069debbaf8,68004edb-a6ce-4b0d-a1d9-bef28ddac747,2022-11-03T02:58:36Z,2022-11-03T02:58:36Z,media,animal,"",Meles meles,1,"","",,face8981-0c46-4344-a9d4-654f7159a972,15.7774478471,0.0524988972,,0.5747,0.3774,,,human,Patrick Jansen,2022-12-19T21:13:04Z,1,,""
685034ea-98ab-4f3a-b0e3-1de3343ecdb7,0cc483d0-e4fd-4a55-a4d6-82e3c0a25382,5fd71c25-2014-460e-96f9-8458c89874cc,68004edb-a6ce-4b0d-a1d9-bef28ddac747,2022-11-03T02:58:37Z,2022-11-03T02:58:37Z,media,animal,"",Meles meles,1,"","",,face8981-0c46-4344-a9d4-654f7159a972,15.1158047716,0.0267641437,,0.5381,0.3784,,,human,Patrick Jansen,2022-12-19T21:13:04Z,1,,""
176ef07a-7626-40cb-9b95-5a60dc81b085,0cc483d0-e4fd-4a55-a4d6-82e3c0a25382,1afe5449-d6cd-4285-b7a1-a5507909c345,68004edb-a6ce-4b0d-a1d9-bef28ddac747,2022-11-03T02:58:38Z,2022-11-03T02:58:38Z,media,animal,"",Meles meles,1,"","",,face8981-0c46-4344-a9d4-654f7159a972,13.9901347167,0.0058332108,,0.5083,0.3809,,,human,Patrick Jansen,2022-12-19T21:13:04Z,1,,""
e1faefe6-d6e7-4839-9bdd-f5fc901b3e85,0cc483d0-e4fd-4a55-a4d6-82e3c0a25382,968ca2dd-07c7-4a61-b879-40b3e9096228,68004edb-a6ce-4b0d-a1d9-bef28ddac747,2022-11-03T02:58:38Z,2022-11-03T02:58:38Z,media,animal,"",Meles meles,1,"","",,face8981-0c46-4344-a9d4-654f7159a972,12.3613698186,-0.0274504038,,0.4609,0.3853,,,human,Patrick Jansen,2022-12-19T21:13:04Z,1,,""
dcec637f-3061-47bf-b3f7-5f2df003d918,0cc483d0-e4fd-4a55-a4d6-82e3c0a25382,126b5f1f-65ca-46ff-9aa3-4f41f71cdbb9,68004edb-a6ce-4b0d-a1d9-bef28ddac747,2022-11-03T02:58:39Z,2022-11-03T02:58:39Z,media,animal,"",Meles meles,1,"","",,face8981-0c46-4344-a9d4-654f7159a972,12.6136539312,-0.0573027179,,0.4185,0.3838,,,human,Patrick Jansen,2022-12-19T21:13:04Z,1,,""
5b5ec9b0-79ba-4400-8776-7741613e8db5,0cc483d0-e4fd-4a55-a4d6-82e3c0a25382,f95fc0fb-8374-4a72-928a-9879be793e48,68004edb-a6ce-4b0d-a1d9-bef28ddac747,2022-11-03T02:58:40Z,2022-11-03T02:58:40Z,media,animal,"",Meles meles,1,"","",,face8981-0c46-4344-a9d4-654f7159a972,12.5912014102,-0.1345069785,,0.3086,0.3823,,,human,Patrick Jansen,2022-12-19T21:13:04Z,1,,""
b0423d85-5508-473b-8230-a3f4a44ea09b,0cc483d0-e4fd-4a55-a4d6-82e3c0a25382,4eaf998d-02f4-4145-a960-0dc0fa05d2d0,68004edb-a6ce-4b0d-a1d9-bef28ddac747,2022-11-03T02:58:41Z,2022-11-03T02:58:41Z,media,animal,"",Meles meles,1,"","",,face8981-0c46-4344-a9d4-654f7159a972,11.580262996,-0.174310064,,0.252,0.3853,,,human,Patrick Jansen,2022-12-19T21:13:04Z,1,,""
29d6a2f1-659e-47b9-8422-f758bde59149,0cc483d0-e4fd-4a55-a4d6-82e3c0a25382,b30fde57-a0fe-40aa-bd50-89efdad3943b,68004edb-a6ce-4b0d-a1d9-bef28ddac747,2022-11-03T02:58:41Z,2022-11-03T02:58:41Z,media,animal,"",Meles meles,1,"","",,face8981-0c46-4344-a9d4-654f7159a972,13.0778802237,-0.2017604677,,0.2129,0.3794,,,human,Patrick Jansen,2022-12-19T21:13:04Z,1,,""
b8dfc28f-51a9-4507-8c9e-73b0e6fd088d,0cc483d0-e4fd-4a55-a4d6-82e3c0a25382,441842ef-cfe1-4ec4-8ca8-9cc1b1290603,68004edb-a6ce-4b0d-a1d9-bef28ddac747,2022-11-03T02:58:42Z,2022-11-03T02:58:42Z,media,animal,"",Meles meles,1,"","",,face8981-0c46-4344-a9d4-654f7159a972,10.5807755942,-0.247053634,,0.1484,0.3882,,,human,Patrick Jansen,2022-12-19T21:13:04Z,1,,""
c9add09f-8e53-4274-8c05-364bf3023052,0cc483d0-e4fd-4a55-a4d6-82e3c0a25382,fcc4bd37-525f-44fb-92f9-c4133835ce63,55d217da-fe03-4fd9-87e2-ce355f007c02,2022-11-06T00:46:04Z,2022-11-06T00:46:04Z,media,animal,"",Martes martes,1,"","",,b6b6bd80-b8c0-46c9-bb02-c91a48c7db96,11.5765624105,0.2408772931,,0.8428,0.3936,,,human,Patrick Jansen,2022-12-19T20:43:27Z,1,,""
2ab22943-6ba8-4273-af98-6eadd7a68d14,0cc483d0-e4fd-4a55-a4d6-82e3c0a25382,1f9251c7-acbc-41f0-8075-e5d748cf0d03,55d217da-fe03-4fd9-87e2-ce355f007c02,2022-11-06T00:46:04Z,2022-11-06T00:46:04Z,media,animal,"",Martes martes,1,"","",,b6b6bd80-b8c0-46c9-bb02-c91a48c7db96,9.5538632597,0.189064656,,0.769,0.4023,,,human,Patrick Jansen,2022-12-19T20:43:27Z,1,,""
5f879f86-f0d6-44b1-92f8-9a6decb3268c,0cc483d0-e4fd-4a55-a4d6-82e3c0a25382,93849978-de37-475a-8ae5-f4b3f37fe8bf,55d217da-fe03-4fd9-87e2-ce355f007c02,2022-11-06T00:46:05Z,2022-11-06T00:46:05Z,media,animal,"",Martes martes,1,"","",,b6b6bd80-b8c0-46c9-bb02-c91a48c7db96,6.9623722184,0.094703893,,0.6348,0.4214,,,human,Patrick Jansen,2022-12-19T20:43:27Z,1,,""
94218596-7119-4953-8872-491a0c8aacd9,0cc483d0-e4fd-4a55-a4d6-82e3c0a25382,ece2f1f0-42cf-4753-83b2-482c1050e4ea,55d217da-fe03-4fd9-87e2-ce355f007c02,2022-11-06T00:46:05Z,2022-11-06T00:46:05Z,media,animal,"",Martes martes,1,"","",,b6b6bd80-b8c0-46c9-bb02-c91a48c7db96,7.2848725995,0.0456362963,,0.5649,0.417,,,human,Patrick Jansen,2022-12-19T20:43:27Z,1,,""
c2237ed3-de1f-48a5-9c35-5bfaf302056e,0cc483d0-e4fd-4a55-a4d6-82e3c0a25382,808a7e4e-b3bf-48bb-b313-c4cbc34a6255,55d217da-fe03-4fd9-87e2-ce355f007c02,2022-11-06T00:46:06Z,2022-11-06T00:46:06Z,media,animal,"",Martes martes,1,"","",,b6b6bd80-b8c0-46c9-bb02-c91a48c7db96,7.8110807423,0.0253916235,,0.5361,0.4116,,,human,Patrick Jansen,2022-12-19T20:43:27Z,1,,""
284ea04b-e288-490d-8b22-f08b55ff0f35,0cc483d0-e4fd-4a55-a4d6-82e3c0a25382,da4e052b-1033-4f59-96a4-1cb53913c39a,55d217da-fe03-4fd9-87e2-ce355f007c02,2022-11-06T00:46:07Z,2022-11-06T00:46:07Z,media,animal,"",Martes martes,1,"","",,b6b6bd80-b8c0-46c9-bb02-c91a48c7db96,9.3036658753,0.0154408521,,0.522,0.4004,,,human,Patrick Jansen,2022-12-19T20:43:27Z,1,,""
fb6c778f-2210-47c6-b3bc-a28e46656be5,0cc483d0-e4fd-4a55-a4d6-82e3c0a25382,5a30ba03-5493-4496-9d07-091db9538776,55d217da-fe03-4fd9-87e2-ce355f007c02,2022-11-06T00:46:07Z,2022-11-06T00:46:07Z,media,animal,"",Martes martes,1,"","",,b6b6bd80-b8c0-46c9-bb02-c91a48c7db96,9.3361167819,0.0010293901,,0.5015,0.3999,,,human,Patrick Jansen,2022-12-19T20:43:27Z,1,,""
aa787d5b-b51d-4df7-8018-440ea0f3d175,0cc483d0-e4fd-4a55-a4d6-82e3c0a25382,9081eb77-6fd1-4a2d-a2bf-e37be4e25c58,55d217da-fe03-4fd9-87e2-ce355f007c02,2022-11-06T00:46:08Z,2022-11-06T00:46:08Z,media,animal,"",Martes martes,1,"","",,b6b6bd80-b8c0-46c9-bb02-c91a48c7db96,11.0242016251,0.0020587803,,0.5029,0.3911,,,human,Patrick Jansen,2022-12-19T20:43:27Z,1,,""
36b89573-9793-4c3f-b72c-59553734261c,0cc483d0-e4fd-4a55-a4d6-82e3c0a25382,20deec50-f2e0-4b56-900c-d805b62e0d21,da98f8b8-b3c5-48b2-a60d-6072b18f4d20,2022-11-08T01:43:05Z,2022-11-08T01:43:05Z,media,animal,"",Cervus elaphus,1,"","",,22d6601e-15a0-4e08-a7b7-4a19156f3948,80.0846491644,0.0521557672,,0.5742,0.3501,,,human,Laurens Dijkhuis,2022-12-15T13:21:13Z,1,,""
8e7a8376-9d9d-4b7b-89c0-81bc09a54d76,0cc483d0-e4fd-4a55-a4d6-82e3c0a25382,2cd191fd-f308-4587-a7b2-ef0d9158ec5f,da98f8b8-b3c5-48b2-a60d-6072b18f4d20,2022-11-08T01:43:05Z,2022-11-08T01:43:05Z,media,animal,"",Cervus elaphus,1,"","",,22d6601e-15a0-4e08-a7b7-4a19156f3948,31.7096597227,-0.0446069061,,0.4365,0.3584,,,human,Laurens Dijkhuis,2022-12-15T13:21:13Z,1,,""
95e21ff6-33b4-434b-b4d6-600d88ddaed1,0cc483d0-e4fd-4a55-a4d6-82e3c0a25382,2effca12-8173-4b2d-85b7-a0655cd06819,da98f8b8-b3c5-48b2-a60d-6072b18f4d20,2022-11-08T01:43:06Z,2022-11-08T01:43:06Z,media,animal,"",Cervus elaphus,1,"","",,22d6601e-15a0-4e08-a7b7-4a19156f3948,24.9471851045,-0.1523497409,,0.2832,0.3608,,,human,Laurens Dijkhuis,2022-12-15T13:21:13Z,1,,""
a12ded47-aa43-4e8b-a7f7-ac5a6f4e8c5a,0cc483d0-e4fd-4a55-a4d6-82e3c0a25382,2effca12-8173-4b2d-85b7-a0655cd06819,da98f8b8-b3c5-48b2-a60d-6072b18f4d20,2022-11-08T01:43:06Z,2022-11-08T01:43:06Z,media,animal,"",Cervus elaphus,1,"","",,22d6601e-15a0-4e08-a7b7-4a19156f3948,25.0587661446,-0.1475459203,,0.29,0.3608,,,human,Laurens Dijkhuis,2022-12-15T13:21:13Z,1,,""
a09a8b4a-b1da-4399-ba09-20e2b16964eb,0cc483d0-e4fd-4a55-a4d6-82e3c0a25382,61bdeda2-6e77-4679-9912-216a9c1f0d9d,da98f8b8-b3c5-48b2-a60d-6072b18f4d20,2022-11-08T01:43:07Z,2022-11-08T01:43:07Z,media,animal,"",Cervus elaphus,1,"","",,22d6601e-15a0-4e08-a7b7-4a19156f3948,18.9834507139,-0.2710727373,,0.1143,0.3652,,,human,Laurens Dijkhuis,2022-12-15T13:21:13Z,1,,""
fbd4fdb5-0eb5-46f2-91a0-374d7e2dd9f2,0cc483d0-e4fd-4a55-a4d6-82e3c0a25382,ada36d31-4e91-46fd-9224-49b6c3556129,1c44a0a3-778d-4afa-85fa-ed4e8ac64aef,2022-12-05T01:40:19Z,2022-12-05T01:40:19Z,media,animal,"",Sus scrofa,1,"","",,54e4efcf-cf17-424b-af89-c3066672c9c9,3.4660082275,-0.3060720021,,0.0645,0.4912,,,human,Patrick Jansen,2022-12-15T08:42:27Z,1,,""
5348428a-d9b9-4cec-bd58-1439ae9f6a8a,0cc483d0-e4fd-4a55-a4d6-82e3c0a25382,6d26e0eb-d615-4571-8986-2812f55c74ca,1c44a0a3-778d-4afa-85fa-ed4e8ac64aef,2022-12-05T01:40:20Z,2022-12-05T01:40:20Z,media,animal,"",Sus scrofa,1,"","",,54e4efcf-cf17-424b-af89-c3066672c9c9,2.4038447217,0.0796061709,,0.6133,0.5674,,,human,Patrick Jansen,2022-12-15T08:42:27Z,1,,""
321ff49e-5bb9-457f-9713-f5a2a608396d,0cc483d0-e4fd-4a55-a4d6-82e3c0a25382,6bee67f7-3a90-4868-8d2e-2d717c01de37,1c44a0a3-778d-4afa-85fa-ed4e8ac64aef,2022-12-05T01:40:20Z,2022-12-05T01:40:20Z,media,animal,"",Sus scrofa,1,"","",,54e4efcf-cf17-424b-af89-c3066672c9c9,1.7396994741,0.5273908825,,1.2505,0.6616,,,human,Patrick Jansen,2022-12-15T08:42:27Z,1,,""
604c04f8-8e5e-4ac7-a5f3-cbed9abe8144,224cfc44-0aa5-46a3-9e4b-6811b58f441b,0ff4d476-8ec0-4274-ba4f-c6ff3aa9e17b,b778f6b9-675b-4b91-8dbb-a381b01336e6,2024-11-15T22:31:19Z,2024-11-15T22:31:19Z,media,animal,"",Canis lupus,1,"","",,60106697-3ea0-41ad-a29e-30e28db68aaf,65.8201252987,-0.1609279921,,0.271,0.3672,,,human,Anouk van der Schaaf,2024-12-23T10:44:22Z,1,,""
acc6c377-763b-4649-99b5-0705e689e2a6,224cfc44-0aa5-46a3-9e4b-6811b58f441b,53d4f771-2889-4de8-bcb5-4ca0b0da5ca5,b778f6b9-675b-4b91-8dbb-a381b01336e6,2024-11-15T22:31:20Z,2024-11-15T22:31:20Z,media,animal,"",Canis lupus,1,"","",,60106697-3ea0-41ad-a29e-30e28db68aaf,40.744034615,-0.2305833917,,0.1719,0.3765,,,human,Anouk van der Schaaf,2024-12-23T10:44:22Z,1,,""
d630e662-9000-46f8-b5ed-35c48cee35e2,224cfc44-0aa5-46a3-9e4b-6811b58f441b,490c94f2-2a84-4ab7-a102-2c8869778798,b778f6b9-675b-4b91-8dbb-a381b01336e6,2024-11-15T22:31:21Z,2024-11-15T22:31:21Z,media,animal,"",Canis lupus,1,"","",,60106697-3ea0-41ad-a29e-30e28db68aaf,31.1455853687,-0.3156796434,,0.0508,0.3838,,,human,Anouk van der Schaaf,2024-12-23T10:44:22Z,1,,""
c477c714-2980-4f79-965a-53b28e2169cd,5784b148-f0de-490c-9655-fb6e69bda019,6546a030-7fb8-4b62-a65a-867d28406b35,4c102554-eaf4-4f96-83f4-abce6cdfac69,2022-11-06T01:52:22Z,2022-11-06T01:52:22Z,media,animal,"",Martes martes,1,"","",,165a1fd3-a2e7-4b85-823e-c84e2204ff40,3.2933895825,0.3050426119,,0.9341,0.4795,,,human,Patrick Jansen,2022-12-19T20:43:44Z,1,,""
df34e0ef-330a-499c-8125-7a2a77f79e9b,5784b148-f0de-490c-9655-fb6e69bda019,2f3dd9f4-045f-476e-8e9d-2debd126c31d,aa9e5431-1d32-476a-b1e8-bf02c8b71380,2022-11-27T00:48:17Z,2022-11-27T00:48:17Z,media,animal,"",Vulpes vulpes,1,"","",,7f47c2f8-727e-4f83-a216-bf09541bd2c8,5.7875473997,0.0387736953,,0.5552,0.4199,,,human,Yorick Liefting,2022-12-19T16:51:33Z,1,,""
c8a741a8-d504-4471-92ef-16d4c1f3b299,5784b148-f0de-490c-9655-fb6e69bda019,f0650b42-5761-4890-9713-88e1e29efb44,aa9e5431-1d32-476a-b1e8-bf02c8b71380,2022-11-27T00:48:18Z,2022-11-27T00:48:18Z,media,animal,"",Vulpes vulpes,1,"","",,7f47c2f8-727e-4f83-a216-bf09541bd2c8,4.8735235001,-0.0483813367,,0.4312,0.4663,,,human,Yorick Liefting,2022-12-19T16:51:33Z,1,,""
42dedcb7-3a69-4eaf-8fdc-d04d9359f1ec,5784b148-f0de-490c-9655-fb6e69bda019,5ee3a335-bed3-43f2-9892-ea7d89e78b9c,aa9e5431-1d32-476a-b1e8-bf02c8b71380,2022-11-27T00:48:18Z,2022-11-27T00:48:18Z,media,animal,"",Vulpes vulpes,1,"","",,7f47c2f8-727e-4f83-a216-bf09541bd2c8,4.5095549973,-0.1128897855,,0.3394,0.4941,,,human,Yorick Liefting,2022-12-19T16:51:33Z,1,,""
6b05a6bc-278f-4975-b444-5807792dcb54,5784b148-f0de-490c-9655-fb6e69bda019,83754809-03bd-4da7-9f0a-f7f98bf9dc5e,aa9e5431-1d32-476a-b1e8-bf02c8b71380,2022-11-27T00:48:21Z,2022-11-27T00:48:21Z,media,animal,"",Vulpes vulpes,1,"","",,7f47c2f8-727e-4f83-a216-bf09541bd2c8,4.3666671702,-0.1317619381,,0.3125,0.5044,,,human,Yorick Liefting,2022-12-19T16:51:33Z,1,,""
b0fcf1ab-6047-4b19-9a8a-4e998172c49f,5784b148-f0de-490c-9655-fb6e69bda019,77afb6ef-6195-4c18-831e-c48a7beb4d52,aa9e5431-1d32-476a-b1e8-bf02c8b71380,2022-11-27T00:48:22Z,2022-11-27T00:48:22Z,media,animal,"",Vulpes vulpes,1,"","",,7f47c2f8-727e-4f83-a216-bf09541bd2c8,4.0362758903,-0.2082799386,,0.2036,0.5366,,,human,Yorick Liefting,2022-12-19T16:51:33Z,1,,""
8c406c02-78c8-43a7-b18f-cf0e52cc9845,5784b148-f0de-490c-9655-fb6e69bda019,d7579168-9f54-4844-b51f-8154b8a94b6a,aa9e5431-1d32-476a-b1e8-bf02c8b71380,2022-11-27T00:48:22Z,2022-11-27T00:48:22Z,media,animal,"",Vulpes vulpes,1,"","",,7f47c2f8-727e-4f83-a216-bf09541bd2c8,4.034734197,-0.3921976439,,-0.0581,0.5747,,,human,Yorick Liefting,2022-12-19T16:51:33Z,1,,""
a785ac0f-a240-4dc0-aa79-309079ab9662,595d2400-97db-4b1d-93c9-efe537d89dac,c34868b3-2cd7-49ac-a71c-4bc71c00a384,a0f0c2ad-92de-410e-9623-98161d00b054,2024-10-23T01:49:35Z,2024-10-23T01:49:35Z,media,animal,"",Vulpes vulpes,1,"","",,12229182-2607-45ec-abe4-4174e5a0ab85,5.7691024113,0.2806803786,,0.8994,0.4712,,,human,Bart van Rossum,2024-12-31T15:19:32Z,1,,""
5c43b271-e3a5-4d6d-a90f-041494a39b01,595d2400-97db-4b1d-93c9-efe537d89dac,a13a4760-64b3-4593-b02b-11706157f9a3,a0f0c2ad-92de-410e-9623-98161d00b054,2024-10-23T01:49:36Z,2024-10-23T01:49:36Z,media,animal,"",Vulpes vulpes,1,"","",,12229182-2607-45ec-abe4-4174e5a0ab85,4.9151666659,0.1969566471,,0.7803,0.4868,,,human,Bart van Rossum,2024-12-31T15:19:32Z,1,,""
d18d4f05-134b-43ff-8a12-63d3effbb013,595d2400-97db-4b1d-93c9-efe537d89dac,11f7c24c-dfbc-4784-8a8d-1fed9c5b5a22,a0f0c2ad-92de-410e-9623-98161d00b054,2024-10-23T01:49:37Z,2024-10-23T01:49:37Z,media,animal,"",Vulpes vulpes,1,"","",,12229182-2607-45ec-abe4-4174e5a0ab85,3.9474865823,0.0916157226,,0.6304,0.5156,,,human,Bart van Rossum,2024-12-31T15:19:32Z,1,,""
a092f90f-1962-4111-abd8-46c23f907fba,595d2400-97db-4b1d-93c9-efe537d89dac,067e6b6e-48e3-4856-83c8-4ccd648180f6,a0f0c2ad-92de-410e-9623-98161d00b054,2024-10-23T01:49:38Z,2024-10-23T01:49:38Z,media,animal,"",Vulpes vulpes,1,"","",,12229182-2607-45ec-abe4-4174e5a0ab85,6.8097769513,0,,0.5,0.4263,,,human,Bart van Rossum,2024-12-31T15:19:32Z,1,,""
b1947a05-caed-4753-b797-0918725f8588,595d2400-97db-4b1d-93c9-efe537d89dac,03579040-75c6-4538-9eb5-cf882ec2c84e,0faf0d87-29c8-42c6-9483-055b74925d56,2024-11-09T22:13:43Z,2024-11-09T22:13:43Z,media,animal,"",Martes martes,1,"","",,c3a33a51-0840-4b8a-acc1-9309e1f2fca2,6.2526596488,-0.0857825118,,0.3779,0.4287,,,human,Anouk van der Schaaf,2024-12-31T15:25:31Z,1,,""
c3e7366e-1ffd-4fc8-9ac3-516a1eeb84d0,595d2400-97db-4b1d-93c9-efe537d89dac,47f41921-8828-49f6-94e8-fa71dcbabd0f,0faf0d87-29c8-42c6-9483-055b74925d56,2024-11-09T22:13:44Z,2024-11-09T22:13:44Z,media,animal,"",Martes martes,1,"","",,c3a33a51-0840-4b8a-acc1-9309e1f2fca2,6.832307861,0.0929882428,,0.6323,0.4341,,,human,Anouk van der Schaaf,2024-12-31T15:25:31Z,1,,""
fd02c2ad-63fc-483e-8992-c14bfe783285,595d2400-97db-4b1d-93c9-efe537d89dac,1c656b16-b386-45a1-8402-67e3075e7a16,0faf0d87-29c8-42c6-9483-055b74925d56,2024-11-09T22:13:45Z,2024-11-09T22:13:45Z,media,animal,"",Martes martes,1,"","",,c3a33a51-0840-4b8a-acc1-9309e1f2fca2,7.1796901219,0.2487692842,,0.854,0.4424,,,human,Anouk van der Schaaf,2024-12-31T15:25:31Z,1,,""
e697302b-eb71-4dcb-880d-8ec4737eccfd,595d2400-97db-4b1d-93c9-efe537d89dac,f73c5f03-da82-4047-af93-849c5f74b4de,320ee4c7-8007-47b3-8447-31f22881d04d,2024-11-11T19:44:49Z,2024-11-11T19:44:49Z,media,animal,"",Martes martes,1,"","",,ceac68b0-bfcf-4853-a58a-0fc26e8919a1,5.5666635529,-0.2123974992,,0.1978,0.4326,,,human,Anouk van der Schaaf,2024-12-31T15:25:39Z,1,,""
2494c104-3add-42d8-bc70-d2885b1000a3,595d2400-97db-4b1d-93c9-efe537d89dac,8dc2f763-2e3b-46e8-ba93-21e200146a38,320ee4c7-8007-47b3-8447-31f22881d04d,2024-11-11T19:44:51Z,2024-11-11T19:44:51Z,media,animal,"",Martes martes,1,"","",,ceac68b0-bfcf-4853-a58a-0fc26e8919a1,7.3763917659,0.0257347535,,0.5366,0.4199,,,human,Anouk van der Schaaf,2024-12-31T15:25:39Z,1,,""
34ec9144-c52a-4ebb-9bde-405280dd1796,595d2400-97db-4b1d-93c9-efe537d89dac,58217845-aea2-4845-ab8d-4e47986a7c98,320ee4c7-8007-47b3-8447-31f22881d04d,2024-11-11T19:44:52Z,2024-11-11T19:44:52Z,media,animal,"",Martes martes,1,"","",,ceac68b0-bfcf-4853-a58a-0fc26e8919a1,8.3275467489,0.1101447451,,0.6567,0.4155,,,human,Anouk van der Schaaf,2024-12-31T15:25:39Z,1,,""
cef8669b-3649-44e5-b727-b87cc3974b71,595d2400-97db-4b1d-93c9-efe537d89dac,9f63445b-7b2c-468e-952b-8211a60a097d,2bdaad05-ebe4-48ec-8afc-5c8055086b3e,2024-11-24T18:41:39Z,2024-11-24T18:41:39Z,media,animal,"",Cervus elaphus,1,adult,male,,171f45e7-a946-4394-a54a-4663045aa5b0,5.378801327,-0.2779353382,,0.1045,0.4316,,,human,Yorick Liefting,2024-12-31T15:33:05Z,1,,""
2979157d-6625-4893-b1f1-62df0866a097,595d2400-97db-4b1d-93c9-efe537d89dac,6ee228d6-58ec-47e7-8bb9-263a0e8e110c,2bdaad05-ebe4-48ec-8afc-5c8055086b3e,2024-11-24T18:41:40Z,2024-11-24T18:41:40Z,media,animal,"",Cervus elaphus,1,adult,male,,171f45e7-a946-4394-a54a-4663045aa5b0,6.3326215903,-0.1348501085,,0.3081,0.4229,,,human,Yorick Liefting,2024-12-31T15:33:05Z,1,,""
96dbbcc8-bee5-4d58-bc6f-96131be4b0df,595d2400-97db-4b1d-93c9-efe537d89dac,42aeef8b-96a0-403c-afe4-273bb4c25bcc,2bdaad05-ebe4-48ec-8afc-5c8055086b3e,2024-11-24T18:41:41Z,2024-11-24T18:41:41Z,media,animal,"",Cervus elaphus,1,adult,male,,171f45e7-a946-4394-a54a-4663045aa5b0,8.7635037394,-0.065537839,,0.4067,0.3955,,,human,Yorick Liefting,2024-12-31T15:33:05Z,1,,""
75d85703-c018-4b8e-bb51-ba1814710120,595d2400-97db-4b1d-93c9-efe537d89dac,7497d241-db74-4707-b150-57a22015876c,2bdaad05-ebe4-48ec-8afc-5c8055086b3e,2024-11-24T18:41:42Z,2024-11-24T18:41:42Z,media,animal,"",Cervus elaphus,1,adult,male,,171f45e7-a946-4394-a54a-4663045aa5b0,9.3857942604,0.0223034531,,0.5317,0.3975,,,human,Yorick Liefting,2024-12-31T15:33:05Z,1,,""
56976109-ac86-410e-9d7d-a4c391479721,595d2400-97db-4b1d-93c9-efe537d89dac,386c2add-8423-462a-b86e-905f81976c83,2bdaad05-ebe4-48ec-8afc-5c8055086b3e,2024-11-24T18:41:44Z,2024-11-24T18:41:44Z,media,animal,"",Cervus elaphus,1,adult,male,,171f45e7-a946-4394-a54a-4663045aa5b0,11.5638222954,0.0854393817,,0.6216,0.3877,,,human,Yorick Liefting,2024-12-31T15:33:05Z,1,,""
90f4fcae-f800-4404-a6ea-446fba6c53d6,595d2400-97db-4b1d-93c9-efe537d89dac,2b7f93e9-7ca6-48e1-968d-d4c46c63fa17,2bdaad05-ebe4-48ec-8afc-5c8055086b3e,2024-11-24T18:41:45Z,2024-11-24T18:41:45Z,media,animal,"",Cervus elaphus,1,adult,male,,171f45e7-a946-4394-a54a-4663045aa5b0,13.2485117451,0.1142623057,,0.6626,0.3818,,,human,Yorick Liefting,2024-12-31T15:33:05Z,1,,""
7c4f9414-9194-4af0-bc4b-971927021e98,595d2400-97db-4b1d-93c9-efe537d89dac,e5b99238-5cfc-424e-9b76-860f989d4631,2bdaad05-ebe4-48ec-8afc-5c8055086b3e,2024-11-24T18:41:46Z,2024-11-24T18:41:46Z,media,animal,"",Cervus elaphus,1,adult,male,,171f45e7-a946-4394-a54a-4663045aa5b0,16.3151207273,0.1485753104,,0.7114,0.374,,,human,Yorick Liefting,2024-12-31T15:33:05Z,1,,""
2cfc3b13-4522-4db1-97f5-1f1d709fd4ab,595d2400-97db-4b1d-93c9-efe537d89dac,8cc89249-920f-41f7-84d2-a01f5d4ddf12,2bdaad05-ebe4-48ec-8afc-5c8055086b3e,2024-11-24T18:41:47Z,2024-11-24T18:41:47Z,media,animal,"",Cervus elaphus,1,adult,male,,171f45e7-a946-4394-a54a-4663045aa5b0,18.0441615408,0.1828883151,,0.7603,0.3726,,,human,Yorick Liefting,2024-12-31T15:33:05Z,1,,""
f0cb57f6-f386-4734-88b5-96ee5aa711c8,595d2400-97db-4b1d-93c9-efe537d89dac,b95d3709-65c8-4af6-ba52-58a7d4cbedfa,1260b871-4eba-4095-a2fd-30680433ce71,2024-11-25T19:13:02Z,2024-11-25T19:13:02Z,media,animal,"",Canis lupus,1,adult,"",,97f746f5-b793-4cd3-bb82-6d234442ac0a,15.9917150085,0.1489184405,,0.7119,0.375,,,human,Anouk van der Schaaf,2024-12-31T15:33:39Z,1,,""
6b54eea2-294d-4231-bf20-6e1991c67603,595d2400-97db-4b1d-93c9-efe537d89dac,48a0013b-953c-4143-bf9d-ce1abbd462ad,1260b871-4eba-4095-a2fd-30680433ce71,2024-11-25T19:13:04Z,2024-11-25T19:13:04Z,media,animal,"",Canis lupus,1,adult,"",,97f746f5-b793-4cd3-bb82-6d234442ac0a,11.1333534884,0.1063703146,,0.6514,0.3921,,,human,Anouk van der Schaaf,2024-12-31T15:33:39Z,1,,""
34493a05-e2f2-470f-becc-c383762d073c,595d2400-97db-4b1d-93c9-efe537d89dac,632e1e37-9de4-4b77-b583-d293e8e99a2a,1260b871-4eba-4095-a2fd-30680433ce71,2024-11-25T19:13:06Z,2024-11-25T19:13:06Z,media,animal,"",Canis lupus,1,adult,"",,97f746f5-b793-4cd3-bb82-6d234442ac0a,9.0502323396,0.0490675967,,0.5698,0.4028,,,human,Anouk van der Schaaf,2024-12-31T15:33:39Z,1,,""
f52c022e-e7ed-4cc2-a291-3fef049e188b,595d2400-97db-4b1d-93c9-efe537d89dac,9759eea6-4964-444f-a924-f4c5571ecc04,1260b871-4eba-4095-a2fd-30680433ce71,2024-11-25T19:13:11Z,2024-11-25T19:13:11Z,media,animal,"",Canis lupus,1,adult,"",,97f746f5-b793-4cd3-bb82-6d234442ac0a,8.0867515143,-0.0041175606,,0.4941,0.4082,,,human,Anouk van der Schaaf,2024-12-31T15:33:39Z,1,,""
81f82df4-e424-4524-9537-7bfeddc0e7a4,595d2400-97db-4b1d-93c9-efe537d89dac,fb157922-26b9-4b29-8fed-cc7ad572318c,1260b871-4eba-4095-a2fd-30680433ce71,2024-11-25T19:13:12Z,2024-11-25T19:13:12Z,media,animal,"",Canis lupus,1,adult,"",,97f746f5-b793-4cd3-bb82-6d234442ac0a,7.3608342755,-0.065537839,,0.4067,0.4121,,,human,Anouk van der Schaaf,2024-12-31T15:33:39Z,1,,""
7a00c70c-a9d9-4692-9e88-e0475f1fd780,595d2400-97db-4b1d-93c9-efe537d89dac,8642849a-39d6-42ec-a6e5-57be08df134a,1260b871-4eba-4095-a2fd-30680433ce71,2024-11-25T19:13:14Z,2024-11-25T19:13:14Z,media,animal,"",Canis lupus,1,adult,"",,97f746f5-b793-4cd3-bb82-6d234442ac0a,7.0577673656,-0.0995077137,,0.3584,0.4136,,,human,Anouk van der Schaaf,2024-12-31T15:33:39Z,1,,""
8464b0cc-6f92-47d2-968c-1cb50142579a,595d2400-97db-4b1d-93c9-efe537d89dac,af3722f0-6354-491e-9cf3-28dba3fe1c34,1260b871-4eba-4095-a2fd-30680433ce71,2024-11-25T19:13:15Z,2024-11-25T19:13:15Z,media,animal,"",Canis lupus,1,adult,"",,97f746f5-b793-4cd3-bb82-6d234442ac0a,9.1534571854,-0.1176936062,,0.3325,0.3872,,,human,Anouk van der Schaaf,2024-12-31T15:33:39Z,1,,""
6c0f3eae-dcee-4238-9ad1-cc2d85f7e1ec,595d2400-97db-4b1d-93c9-efe537d89dac,2a7c3bb8-f78f-4d4e-891f-bf6d6ec34f21,1260b871-4eba-4095-a2fd-30680433ce71,2024-11-25T19:13:18Z,2024-11-25T19:13:18Z,media,animal,"",Canis lupus,1,adult,"",,97f746f5-b793-4cd3-bb82-6d234442ac0a,11.302268914,-0.3314636256,,0.0283,0.3525,,,human,Anouk van der Schaaf,2024-12-31T15:33:39Z,1,,""
bd18a2e5-2612-4525-ada2-5bcd72112e56,606ebf7d-5a73-4e9d-9aca-67fab563e496,8550c494-d9f4-431c-8058-da08b7846fe7,01df194e-8e28-4dd0-b2af-7a3a6fef7098,2022-10-31T03:49:23Z,2022-10-31T03:49:23Z,media,animal,"",Sus scrofa,1,adult,"",,4548e15c-61ca-4e53-bf04-ed8ee4753642,4.1117621707,-0.2460242438,,0.1499,0.4561,,,human,Yorick Liefting,2022-12-14T14:05:16Z,1,,""
5179b5b1-02f7-492d-9312-5d146b2b8add,606ebf7d-5a73-4e9d-9aca-67fab563e496,dfd79e11-f708-4d59-aced-4f4f946667d9,01df194e-8e28-4dd0-b2af-7a3a6fef7098,2022-10-31T03:49:24Z,2022-10-31T03:49:24Z,media,animal,"",Sus scrofa,1,adult,"",,4548e15c-61ca-4e53-bf04-ed8ee4753642,4.1945729369,-0.116664216,,0.334,0.4678,,,human,Yorick Liefting,2022-12-14T14:05:16Z,1,,""
15aa50f6-0417-428c-b2cc-1a6c74feb52e,606ebf7d-5a73-4e9d-9aca-67fab563e496,32601185-963c-40c0-8b37-bf36bef8c6e3,01df194e-8e28-4dd0-b2af-7a3a6fef7098,2022-10-31T03:49:24Z,2022-10-31T03:49:24Z,media,animal,"",Sus scrofa,1,adult,"",,4548e15c-61ca-4e53-bf04-ed8ee4753642,4.4761048411,0.0061763408,,0.5088,0.4692,,,human,Yorick Liefting,2022-12-14T14:05:16Z,1,,""
53dc79ba-dd93-4648-8066-d6282cfe55fb,606ebf7d-5a73-4e9d-9aca-67fab563e496,d3ad2c37-89c7-4bbe-bafb-a5072c572f2f,01df194e-8e28-4dd0-b2af-7a3a6fef7098,2022-10-31T03:49:25Z,2022-10-31T03:49:25Z,media,animal,"",Sus scrofa,1,adult,"",,4548e15c-61ca-4e53-bf04-ed8ee4753642,5.5916730916,0.0785767808,,0.6118,0.437,,,human,Yorick Liefting,2022-12-14T14:05:16Z,1,,""
8cae5d1b-bc91-4a9c-a460-3eda7045d540,606ebf7d-5a73-4e9d-9aca-67fab563e496,d337a539-4305-430b-99fc-c037d9854d57,01df194e-8e28-4dd0-b2af-7a3a6fef7098,2022-10-31T03:49:26Z,2022-10-31T03:49:26Z,media,animal,"",Sus scrofa,1,adult,"",,4548e15c-61ca-4e53-bf04-ed8ee4753642,6.6463664534,0.1286737677,,0.6831,0.417,,,human,Yorick Liefting,2022-12-14T14:05:16Z,1,,""
15ed7611-11b6-43cf-b0c0-081910f1889f,606ebf7d-5a73-4e9d-9aca-67fab563e496,ff908fe3-a142-4be7-8786-e54687228180,01df194e-8e28-4dd0-b2af-7a3a6fef7098,2022-10-31T03:49:26Z,2022-10-31T03:49:26Z,media,animal,"",Sus scrofa,1,adult,"",,4548e15c-61ca-4e53-bf04-ed8ee4753642,8.120578993,0.1708787635,,0.7432,0.397,,,human,Yorick Liefting,2022-12-14T14:05:16Z,1,,""
3c5b00c9-559a-4f07-88c2-cecc7177cf77,606ebf7d-5a73-4e9d-9aca-67fab563e496,7f0c1c33-8df3-4053-a216-bf291e5ce4f3,01df194e-8e28-4dd0-b2af-7a3a6fef7098,2022-10-31T03:49:27Z,2022-10-31T03:49:27Z,media,animal,"",Sus scrofa,1,adult,"",,4548e15c-61ca-4e53-bf04-ed8ee4753642,7.830010963,0.2347009523,,0.834,0.4092,,,human,Yorick Liefting,2022-12-14T14:05:16Z,1,,""
b85acb8a-930f-4eac-9cf2-9f3fd2a7fb1c,606ebf7d-5a73-4e9d-9aca-67fab563e496,f5d24091-5c75-43b1-8128-3028c756f8e1,01df194e-8e28-4dd0-b2af-7a3a6fef7098,2022-10-31T03:49:27Z,2022-10-31T03:49:27Z,media,animal,"",Sus scrofa,1,adult,"",,4548e15c-61ca-4e53-bf04-ed8ee4753642,9.3270058826,0.2889154997,,0.9111,0.397,,,human,Yorick Liefting,2022-12-14T14:05:16Z,1,,""
0b34ccac-cc4f-48fb-ae1d-0b3eb8ea48a5,606ebf7d-5a73-4e9d-9aca-67fab563e496,4590f02e-f21f-4ed8-9971-1714e1cbc45e,01df194e-8e28-4dd0-b2af-7a3a6fef7098,2022-10-31T03:49:28Z,2022-10-31T03:49:28Z,media,animal,"",Sus scrofa,1,adult,"",,4548e15c-61ca-4e53-bf04-ed8ee4753642,10.7602936262,0.3400418767,,0.9839,0.3901,,,human,Yorick Liefting,2022-12-14T14:05:16Z,1,,""
8e57c347-af3c-44fa-8e31-d86245fbf1fa,606ebf7d-5a73-4e9d-9aca-67fab563e496,754e8b22-db7f-42ab-a634-ba7a758b2474,0a134786-ca22-4cf8-bf55-e74e4efef67d,2022-11-08T21:46:24Z,2022-11-08T21:46:24Z,media,animal,"",Martes martes,1,adult,"",,1fea2cf8-0456-4094-9470-ba030541e984,2.3139889327,-0.2082799386,,0.2036,0.6357,,,human,Patrick Jansen,2022-12-19T20:46:35Z,1,,""
316a3aa1-c121-43c2-8c29-3cfa2a644a75,606ebf7d-5a73-4e9d-9aca-67fab563e496,2f21ced5-7663-425b-9af3-ee79c142a151,0a134786-ca22-4cf8-bf55-e74e4efef67d,2022-11-08T21:46:25Z,2022-11-08T21:46:25Z,media,animal,"",Martes martes,1,adult,"",,1fea2cf8-0456-4094-9470-ba030541e984,2.4926166808,-0.1585260818,,0.2744,0.6133,,,human,Patrick Jansen,2022-12-19T20:46:35Z,1,,""
0b7a04ea-8eac-4408-a0b9-9c81d7d7f505,606ebf7d-5a73-4e9d-9aca-67fab563e496,cda36972-a396-4abc-93ed-c04a1241fda1,0a134786-ca22-4cf8-bf55-e74e4efef67d,2022-11-08T21:46:26Z,2022-11-08T21:46:26Z,media,animal,"",Martes martes,1,adult,"",,1fea2cf8-0456-4094-9470-ba030541e984,2.2121285767,-0.2775922082,,0.105,0.6455,,,human,Patrick Jansen,2022-12-19T20:46:35Z,1,,""
f98fdc86-a2ae-4ffd-b365-8530172d2daf,606ebf7d-5a73-4e9d-9aca-67fab563e496,c92b27ab-bec7-4528-b428-ae9e90890ca1,0a134786-ca22-4cf8-bf55-e74e4efef67d,2022-11-08T21:46:26Z,2022-11-08T21:46:26Z,media,animal,"",Martes martes,1,adult,"",,1fea2cf8-0456-4094-9470-ba030541e984,2.2557409301,-0.29097428,,0.0859,0.6357,,,human,Patrick Jansen,2022-12-19T20:46:35Z,1,,""
cc4259fa-e303-4881-b3a5-af206c6f1484,606ebf7d-5a73-4e9d-9aca-67fab563e496,3b26ffe5-65d5-488f-893e-a3a34c1db68c,0a134786-ca22-4cf8-bf55-e74e4efef67d,2022-11-08T21:46:27Z,2022-11-08T21:46:27Z,media,animal,"",Martes martes,1,adult,"",,1fea2cf8-0456-4094-9470-ba030541e984,2.4005792904,-0.3311204955,,0.0288,0.606,,,human,Patrick Jansen,2022-12-19T20:46:35Z,1,,""
eb78666e-1e90-4c14-bffc-85505226366d,606ebf7d-5a73-4e9d-9aca-67fab563e496,0ed7df19-b167-4494-b834-73e1aa5b6f56,0a134786-ca22-4cf8-bf55-e74e4efef67d,2022-11-08T21:46:27Z,2022-11-08T21:46:27Z,media,animal,"",Martes martes,1,adult,"",,1fea2cf8-0456-4094-9470-ba030541e984,2.465679716,-0.3355811861,,0.0225,0.5952,,,human,Patrick Jansen,2022-12-19T20:46:35Z,1,,""
3ea548fe-9670-41b9-be64-1b23d159c9c8,606ebf7d-5a73-4e9d-9aca-67fab563e496,4478d279-0f6b-442e-a4c2-4f4dede47b31,0a134786-ca22-4cf8-bf55-e74e4efef67d,2022-11-08T21:46:30Z,2022-11-08T21:46:30Z,media,animal,"",Martes martes,1,adult,"",,1fea2cf8-0456-4094-9470-ba030541e984,2.3915516402,-0.3935701641,,-0.0601,0.5996,,,human,Patrick Jansen,2022-12-19T20:46:35Z,1,,""
bb888181-fe22-4609-95e2-4564abc5af6a,606ebf7d-5a73-4e9d-9aca-67fab563e496,f21377c3-671f-4ff5-b424-47dda386239c,4a10a695-5b41-4680-b3ae-74bd0ae22099,2022-11-08T22:25:29Z,2022-11-08T22:25:29Z,media,animal,"",Cervus elaphus,1,adult,"",,21be85db-d92a-4a46-860c-7425cac1985f,12.9793239196,0.3757274016,,1.0347,0.3799,,,human,Laurens Dijkhuis,2022-12-20T11:17:06Z,1,,""
d26bb8a4-702d-4dfa-92b0-837f3720214c,606ebf7d-5a73-4e9d-9aca-67fab563e496,e2f6aa22-3bd2-4289-b688-40c20512b48e,4a10a695-5b41-4680-b3ae-74bd0ae22099,2022-11-08T22:25:30Z,2022-11-08T22:25:30Z,media,animal,"",Cervus elaphus,1,adult,"",,21be85db-d92a-4a46-860c-7425cac1985f,12.5219561869,0.3626884599,,1.0161,0.3809,,,human,Laurens Dijkhuis,2022-12-20T11:17:06Z,1,,""
62198eb1-366c-4c74-844b-5fd4631bd459,606ebf7d-5a73-4e9d-9aca-67fab563e496,0157ad9b-7b72-4e0a-9aa3-cab5653d8f68,4a10a695-5b41-4680-b3ae-74bd0ae22099,2022-11-08T22:25:30Z,2022-11-08T22:25:30Z,media,animal,"",Cervus elaphus,1,adult,"",,21be85db-d92a-4a46-860c-7425cac1985f,12.6461557726,0.348963258,,0.9966,0.3784,,,human,Laurens Dijkhuis,2022-12-20T11:17:06Z,1,,""
78395a47-62d6-4a20-8e88-49854ceeb337,606ebf7d-5a73-4e9d-9aca-67fab563e496,b83a7ad2-512d-4350-9c13-f096f853d283,4a10a695-5b41-4680-b3ae-74bd0ae22099,2022-11-08T22:25:31Z,2022-11-08T22:25:31Z,media,animal,"",Cervus elaphus,1,adult,"",,21be85db-d92a-4a46-860c-7425cac1985f,11.6230364667,0.3208265941,,0.9565,0.3813,,,human,Laurens Dijkhuis,2022-12-20T11:17:06Z,1,,""
50ccd2fc-678f-4211-8f21-669433374d13,606ebf7d-5a73-4e9d-9aca-67fab563e496,248aca05-e797-4df7-b053-5054454ddf14,4a10a695-5b41-4680-b3ae-74bd0ae22099,2022-11-08T22:25:32Z,2022-11-08T22:25:32Z,media,animal,"",Cervus elaphus,1,adult,"",,21be85db-d92a-4a46-860c-7425cac1985f,11.0649681191,0.3160227734,,0.9497,0.3848,,,human,Laurens Dijkhuis,2022-12-20T11:17:06Z,1,,""
13a6edd6-6e83-4906-aed5-6b250656c53b,606ebf7d-5a73-4e9d-9aca-67fab563e496,ea3e42e0-2a90-4682-bd98-9b4b7b675465,4a10a695-5b41-4680-b3ae-74bd0ae22099,2022-11-08T22:26:49Z,2022-11-08T22:26:49Z,media,animal,"",Cervus elaphus,1,adult,"",,21be85db-d92a-4a46-860c-7425cac1985f,11.8050754316,0.283768549,,0.9038,0.3755,,,human,Laurens Dijkhuis,2022-12-20T11:17:06Z,1,,""
b90c6436-885c-4ae1-949c-bcbde83fc9b3,606ebf7d-5a73-4e9d-9aca-67fab563e496,9ae4636b-4aec-4502-81c0-3608fe1280d5,4a10a695-5b41-4680-b3ae-74bd0ae22099,2022-11-08T22:26:50Z,2022-11-08T22:26:50Z,media,animal,"",Cervus elaphus,1,adult,"",,21be85db-d92a-4a46-860c-7425cac1985f,14.4365550389,0.2926899302,,0.9165,0.3623,,,human,Laurens Dijkhuis,2022-12-20T11:17:06Z,1,,""
006e1073-8e3f-4e53-9c48-56ca9d351fbd,606ebf7d-5a73-4e9d-9aca-67fab563e496,29dd141f-53b5-4825-a8d8-a34bd5fd8d93,4a10a695-5b41-4680-b3ae-74bd0ae22099,2022-11-08T22:26:51Z,2022-11-08T22:26:51Z,media,animal,"",Cervus elaphus,1,adult,"",,21be85db-d92a-4a46-860c-7425cac1985f,14.6354112627,0.276219688,,0.8931,0.3594,,,human,Laurens Dijkhuis,2022-12-20T11:17:06Z,1,,""
3b40dcc0-ee33-4f01-a82b-d5eec1c0373e,606ebf7d-5a73-4e9d-9aca-67fab563e496,4f1fff2f-e03c-4f6f-be53-1bf668121071,4a10a695-5b41-4680-b3ae-74bd0ae22099,2022-11-08T22:26:52Z,2022-11-08T22:26:52Z,media,animal,"",Cervus elaphus,1,adult,"",,21be85db-d92a-4a46-860c-7425cac1985f,22.558544021,0.2899448899,,0.9126,0.3389,,,human,Laurens Dijkhuis,2022-12-20T11:17:06Z,1,,""
e21dc718-8119-4e3d-a8ba-957d7405495d,606ebf7d-5a73-4e9d-9aca-67fab563e496,e26d6895-6e8f-4f38-b6b4-1988bf04dada,4a10a695-5b41-4680-b3ae-74bd0ae22099,2022-11-08T22:26:52Z,2022-11-08T22:26:52Z,media,animal,"",Cervus elaphus,1,adult,"",,21be85db-d92a-4a46-860c-7425cac1985f,25.3089710568,0.2748471678,,0.8911,0.3325,,,human,Laurens Dijkhuis,2022-12-20T11:17:06Z,1,,""
fbcfcf1a-63a5-4771-9e1a-69ebc07adeda,606ebf7d-5a73-4e9d-9aca-67fab563e496,bb6d4560-cba5-40c7-a6e7-1dd42ed035b5,129257a4-9a72-4416-b386-8b024a75a670,2022-11-23T20:07:14Z,2022-11-23T20:07:14Z,media,animal,"",Martes martes,1,adult,"",,b33485f4-2da4-4c48-99f4-03b09bd1f176,12.6614230409,0.1777413644,,0.7529,0.3569,,,human,Patrick Jansen,2022-12-19T21:04:25Z,1,,""
7a2e3cdb-ac3d-4604-8a0c-da07a526f88c,606ebf7d-5a73-4e9d-9aca-67fab563e496,4a67122a-668a-4ee6-b5d9-1483707744c9,98d91f95-73dd-40ab-ac1f-74bf070982e4,2022-12-03T09:02:58Z,2022-12-03T09:02:58Z,media,animal,"",Vulpes vulpes,1,adult,"",,c1e471d4-0b13-4a6f-812e-c7ef6be2ef2c,4.6702846535,-0.3040132218,,0.0674,0.4219,,,human,Yorick Liefting,2022-12-19T16:41:34Z,1,,""
46175e75-379a-4b85-b35f-2e1516d5917d,606ebf7d-5a73-4e9d-9aca-67fab563e496,984f654a-2cbb-44c7-a36b-6214d0d1499b,98d91f95-73dd-40ab-ac1f-74bf070982e4,2022-12-03T09:02:59Z,2022-12-03T09:02:59Z,media,animal,"",Vulpes vulpes,1,adult,"",,c1e471d4-0b13-4a6f-812e-c7ef6be2ef2c,5.2803524973,0.0277935338,,0.5396,0.4404,,,human,Yorick Liefting,2022-12-19T16:41:34Z,1,,""
358d79ad-dad6-427e-8cab-f08c43e64052,606ebf7d-5a73-4e9d-9aca-67fab563e496,70a959cc-ef3e-43e3-8804-008fcf8c71b4,98d91f95-73dd-40ab-ac1f-74bf070982e4,2022-12-03T09:02:59Z,2022-12-03T09:02:59Z,media,animal,"",Vulpes vulpes,1,adult,"",,c1e471d4-0b13-4a6f-812e-c7ef6be2ef2c,7.0426907331,0.2734746476,,0.8892,0.4272,,,human,Yorick Liefting,2022-12-19T16:41:34Z,1,,""
78cd5ab6-7201-4208-adb6-78c61fc9494c,6668d3db-e66e-4831-9bc5-165262867366,55233662-3ec1-40d6-a86f-f47d0f28d39b,0363d5ad-c320-4b1b-8063-77bb86049b5f,2023-10-22T21:37:22Z,2023-10-22T21:37:22Z,media,animal,"",Meles meles,1,"","",,4d52578f-4ffa-4aec-95b1-2de064432464,6.4760062102,-0.3022975716,,0.0698,0.3926,,,human,Anouk van der Schaaf,2023-12-15T11:01:01Z,1,,""
1de04cfc-2ad9-4717-aef9-c0e21d432074,6668d3db-e66e-4831-9bc5-165262867366,c3d446dc-f9e2-43e4-93d3-2a8ad963612e,0363d5ad-c320-4b1b-8063-77bb86049b5f,2023-10-22T21:37:24Z,2023-10-22T21:37:24Z,media,animal,"",Meles meles,1,"","",,4d52578f-4ffa-4aec-95b1-2de064432464,6.0053909495,-0.196613517,,0.2202,0.4165,,,human,Anouk van der Schaaf,2023-12-15T11:01:01Z,1,,""
03cb8274-4b15-4159-b481-d70c3ea77ab0,6668d3db-e66e-4831-9bc5-165262867366,e7f6de78-868a-4c8e-a5af-8a639187f4c5,0363d5ad-c320-4b1b-8063-77bb86049b5f,2023-10-22T21:37:25Z,2023-10-22T21:37:25Z,media,animal,"",Meles meles,1,"","",,4d52578f-4ffa-4aec-95b1-2de064432464,6.2278175752,-0.1595554719,,0.2729,0.4155,,,human,Anouk van der Schaaf,2023-12-15T11:01:01Z,1,,""
3783ec28-7a24-46de-aaca-fb423d03c841,6668d3db-e66e-4831-9bc5-165262867366,15c5293f-3739-426a-8752-4cb3e47e3620,0363d5ad-c320-4b1b-8063-77bb86049b5f,2023-10-22T21:37:27Z,2023-10-22T21:37:27Z,media,animal,"",Meles meles,1,"","",,4d52578f-4ffa-4aec-95b1-2de064432464,6.2190020501,-0.1935253466,,0.2246,0.4116,,,human,Anouk van der Schaaf,2023-12-15T11:01:01Z,1,,""
7d8f37bd-be45-49ad-9c8e-9e4c3653266b,6668d3db-e66e-4831-9bc5-165262867366,e83e42d4-db7d-4fd6-b166-494ac9ef6f58,0363d5ad-c320-4b1b-8063-77bb86049b5f,2023-10-22T21:37:27Z,2023-10-22T21:37:27Z,media,animal,"",Meles meles,1,"","",,4d52578f-4ffa-4aec-95b1-2de064432464,6.20545364,-0.2082799386,,0.2036,0.4102,,,human,Anouk van der Schaaf,2023-12-15T11:01:01Z,1,,""
679e84cc-50cb-4389-bb52-d68c5d0635eb,6668d3db-e66e-4831-9bc5-165262867366,4647df7f-4f45-404f-9ef1-d29c9d96a150,84356694-f3cf-4df3-9a48-2ab074d008d4,2023-10-26T07:24:05Z,2023-10-26T07:24:05Z,media,animal,"",Cervus elaphus,1,adult,male,,c4c72288-e71b-4ecc-b0d1-766ba8bcea90,10.249718454,-0.108772225,,0.3452,0.3638,,,human,Laurens Dijkhuis,2023-12-15T11:02:45Z,1,,""
05a17c4d-6a6c-4bd2-a553-e13034cfc30b,6668d3db-e66e-4831-9bc5-165262867366,de93724b-5a0d-43ef-a146-6767332bf07d,84356694-f3cf-4df3-9a48-2ab074d008d4,2023-10-26T07:24:06Z,2023-10-26T07:24:06Z,media,animal,"",Cervus elaphus,1,adult,male,,c4c72288-e71b-4ecc-b0d1-766ba8bcea90,10.965423553,-0.0161271122,,0.4771,0.3691,,,human,Laurens Dijkhuis,2023-12-15T11:02:45Z,1,,""
e19883d6-3b84-48bd-9353-1e63f93be7b4,6668d3db-e66e-4831-9bc5-165262867366,b0e5e1a8-9c0e-429c-a5ee-0f77585f3142,84356694-f3cf-4df3-9a48-2ab074d008d4,2023-10-26T07:24:08Z,2023-10-26T07:24:08Z,media,animal,"",Cervus elaphus,1,adult,male,,c4c72288-e71b-4ecc-b0d1-766ba8bcea90,12.6913386878,0.0336267446,,0.5479,0.3638,,,human,Laurens Dijkhuis,2023-12-15T11:02:45Z,1,,""
85c4251f-b70e-4854-9d65-bb1ff71675b5,6668d3db-e66e-4831-9bc5-165262867366,fde856bc-a25c-4d42-a599-8cae7ff00fe0,84356694-f3cf-4df3-9a48-2ab074d008d4,2023-10-26T07:24:14Z,2023-10-26T07:24:14Z,media,animal,"",Cervus elaphus,1,adult,male,,c4c72288-e71b-4ecc-b0d1-766ba8bcea90,13.3444963242,0.0830374714,,0.6182,0.3662,,,human,Laurens Dijkhuis,2023-12-15T11:02:45Z,1,,""
e6686931-99f5-42a2-bd17-236eef6a7c59,6668d3db-e66e-4831-9bc5-165262867366,3f445bd2-dc0d-4d82-8785-d1c30beaf35c,84356694-f3cf-4df3-9a48-2ab074d008d4,2023-10-26T07:24:15Z,2023-10-26T07:24:15Z,media,animal,"",Cervus elaphus,1,adult,male,,c4c72288-e71b-4ecc-b0d1-766ba8bcea90,15.0527906284,0.1798001447,,0.7559,0.3701,,,human,Laurens Dijkhuis,2023-12-15T11:02:45Z,1,,""
9538f924-3e9f-4f51-add3-82cfa92ddd2b,6668d3db-e66e-4831-9bc5-165262867366,487c0ef0-5b23-4a68-b3d0-76d7c465894d,84356694-f3cf-4df3-9a48-2ab074d008d4,2023-10-26T07:24:17Z,2023-10-26T07:24:17Z,media,animal,"",Cervus elaphus,1,adult,male,,c4c72288-e71b-4ecc-b0d1-766ba8bcea90,22.6502002402,0.2803372485,,0.8989,0.3618,,,human,Laurens Dijkhuis,2023-12-15T11:02:45Z,1,,""
c2f7cb57-d9c2-4666-8aaf-68bf7dadf2ab,6668d3db-e66e-4831-9bc5-165262867366,3b344123-6dba-4906-8f9e-b63956d7cfe1,84356694-f3cf-4df3-9a48-2ab074d008d4,2023-10-26T07:24:19Z,2023-10-26T07:24:19Z,media,animal,"",Cervus elaphus,1,adult,male,,c4c72288-e71b-4ecc-b0d1-766ba8bcea90,35.1691969166,0.3753842716,,1.0342,0.3589,,,human,Laurens Dijkhuis,2023-12-15T11:02:45Z,1,,""
95129c0a-8638-4134-a4ba-272e1111b42b,66adeb89-77b6-45a9-84b9-6e099a15978e,5e01a506-6b72-4fd9-a5a9-22aef143abc1,90121c76-3a93-4e9f-9958-98b5523c251e,2024-12-02T18:54:24Z,2024-12-02T18:54:24Z,media,animal,"",Vulpes vulpes,1,"","",,2e2eec0b-0282-4cca-a965-95316cfde3d2,7.8716675426,-0.2305833917,,0.1719,0.4204,,,human,Bart van Rossum,2025-01-02T11:40:20Z,1,,""
20fbad69-1d63-4fc7-9e9c-40f3604f5272,66adeb89-77b6-45a9-84b9-6e099a15978e,03726a9b-75d3-4178-9f2a-769c8eafb9fb,90121c76-3a93-4e9f-9958-98b5523c251e,2024-12-02T18:54:25Z,2024-12-02T18:54:25Z,media,animal,"",Vulpes vulpes,1,"","",,2e2eec0b-0282-4cca-a965-95316cfde3d2,7.0865902745,-0.1705356334,,0.2573,0.4385,,,human,Bart van Rossum,2025-01-02T11:40:20Z,1,,""
185f532b-e38d-4a7b-9c6a-1d1037e47b6b,7455c98b-8fba-4315-83f8-1f105c5838bd,ecdcd391-43da-4181-b2c6-5cb0ade6df81,5e33e84a-5f2d-4024-a48e-338daa9634fa,2023-10-20T06:56:08Z,2023-10-20T06:56:08Z,media,animal,"",Martes martes,1,adult,"",,d2dba2ad-64fe-4e21-a1a0-0c49e265c76c,7.9445762384,0.0703416597,,0.6001,0.4082,,,human,Anouk van der Schaaf,2023-12-19T21:56:27Z,1,,""
e5934010-f50a-4850-a9ae-64ee25ece03b,7455c98b-8fba-4315-83f8-1f105c5838bd,f76527fe-9839-47f1-a8c8-a170cd09c42f,5e33e84a-5f2d-4024-a48e-338daa9634fa,2023-10-20T06:56:08Z,2023-10-20T06:56:08Z,media,animal,"",Martes martes,1,adult,"",,d2dba2ad-64fe-4e21-a1a0-0c49e265c76c,8.7941322008,0.0082351211,,0.5117,0.3877,,,human,Anouk van der Schaaf,2023-12-19T21:56:27Z,1,,""
b6093039-a3f4-46be-a0bf-7fa5b25b85e9,7455c98b-8fba-4315-83f8-1f105c5838bd,c0b774f9-4832-471b-ad55-d8baac4491a7,5e33e84a-5f2d-4024-a48e-338daa9634fa,2023-10-20T06:56:11Z,2023-10-20T06:56:11Z,media,animal,"",Martes martes,1,adult,"",,d2dba2ad-64fe-4e21-a1a0-0c49e265c76c,9.687480024,-0.0051469507,,0.4927,0.375,,,human,Anouk van der Schaaf,2023-12-19T21:56:27Z,1,,""
2126dd1e-60aa-467e-a088-f43a4ecf0352,7455c98b-8fba-4315-83f8-1f105c5838bd,7b5eaa5c-1776-487b-8add-7b3b933e2a9b,5e33e84a-5f2d-4024-a48e-338daa9634fa,2023-10-20T06:56:11Z,2023-10-20T06:56:11Z,media,animal,"",Martes martes,1,adult,"",,d2dba2ad-64fe-4e21-a1a0-0c49e265c76c,10.048198096,-0.0209309329,,0.4702,0.3691,,,human,Anouk van der Schaaf,2023-12-19T21:56:27Z,1,,""
dcff2481-66bf-470a-9892-a06e9f14544c,7455c98b-8fba-4315-83f8-1f105c5838bd,04540f73-fc7a-4b93-9e20-0f47903cc5b7,2fa792d3-343e-4e89-afd1-20af2e1ef6dd,2023-12-05T21:32:48Z,2023-12-05T21:32:48Z,media,animal,"",Martes martes,1,adult,"",,c6b7a241-37b3-4783-b173-c7b5c867a064,7.5633946135,-0.2271520912,,0.1768,0.3779,,,human,Anouk van der Schaaf,2023-12-19T22:19:57Z,1,,""
84156947-ce3e-42fd-b576-60cd93de1389,7455c98b-8fba-4315-83f8-1f105c5838bd,93eea12e-eff6-4120-b395-e72f9331a2e1,2fa792d3-343e-4e89-afd1-20af2e1ef6dd,2023-12-05T21:32:49Z,2023-12-05T21:32:49Z,media,animal,"",Martes martes,1,adult,"",,c6b7a241-37b3-4783-b173-c7b5c867a064,8.2899132397,-0.1211249067,,0.3276,0.3789,,,human,Anouk van der Schaaf,2023-12-19T22:19:57Z,1,,""
766b23f2-5c1f-4488-945c-ff1f58868d6b,7455c98b-8fba-4315-83f8-1f105c5838bd,20b67bb6-0cc1-493c-aa2f-7eeb33f74f6b,2fa792d3-343e-4e89-afd1-20af2e1ef6dd,2023-12-05T21:32:50Z,2023-12-05T21:32:50Z,media,animal,"",Martes martes,1,adult,"",,c6b7a241-37b3-4783-b173-c7b5c867a064,8.682900085,-0.0473519465,,0.4326,0.3823,,,human,Anouk van der Schaaf,2023-12-19T22:19:57Z,1,,""
5e9f7f96-66f5-46a7-8f64-bfdc9d22b747,7455c98b-8fba-4315-83f8-1f105c5838bd,e558bb1c-108d-4fa9-9301-435defa9bb6b,2fa792d3-343e-4e89-afd1-20af2e1ef6dd,2023-12-05T21:32:50Z,2023-12-05T21:32:50Z,media,animal,"",Martes martes,1,adult,"",,c6b7a241-37b3-4783-b173-c7b5c867a064,8.1401369425,0.0645084489,,0.5918,0.4043,,,human,Anouk van der Schaaf,2023-12-19T22:19:57Z,1,,""
b7ca4726-5e50-46e2-aff0-cc3920be6c23,80878653-54ea-4a88-873c-f9edbc3f6c90,ff5373a8-890c-4de9-a6da-51ab8a843dac,ac2dc5ce-996b-42ba-a9b6-edd15e485dd7,2023-11-04T22:07:26Z,2023-11-04T22:07:26Z,media,animal,"",Canis lupus,1,adult,"",,8320cb72-0b8a-4196-87be-ce4c0e8fa9a5,10.2011043237,-0.0301954442,,0.457,0.3862,,,human,Anouk van der Schaaf,2023-12-15T09:39:44Z,1,,""
34d73f52-8fca-4371-8b48-aa523a5e7816,80878653-54ea-4a88-873c-f9edbc3f6c90,8a3f925e-6709-41b0-9fb7-3f0edf4b3f8b,ac2dc5ce-996b-42ba-a9b6-edd15e485dd7,2023-11-04T22:07:26Z,2023-11-04T22:07:26Z,media,animal,"",Canis lupus,1,adult,"",,8320cb72-0b8a-4196-87be-ce4c0e8fa9a5,12.422449293,0.0490675967,,0.5698,0.3853,,,human,Anouk van der Schaaf,2023-12-15T09:39:44Z,1,,""
3b781670-e410-4c4c-a4b6-ea3e3ea616aa,80878653-54ea-4a88-873c-f9edbc3f6c90,d86f05c0-2b1f-4670-9224-30230ab87eaa,ac2dc5ce-996b-42ba-a9b6-edd15e485dd7,2023-11-04T22:07:28Z,2023-11-04T22:07:28Z,media,animal,"",Canis lupus,1,adult,"",,8320cb72-0b8a-4196-87be-ce4c0e8fa9a5,18.1938548039,0.1396539292,,0.6987,0.376,,,human,Anouk van der Schaaf,2023-12-15T09:39:44Z,1,,""
32c055be-73af-4b89-a9f7-9e57995476fa,8671dba8-f49e-40dc-b304-1cb228d4b52a,9b3aea1a-ff34-4f0c-8e63-a618a1917a8f,238145ce-df90-4084-8dfc-a52712884a87,2023-10-23T02:54:34Z,2023-10-23T02:54:34Z,media,animal,"",Capreolus capreolus,1,"","",,2422f50d-48c7-45f0-9031-bea90741fe35,18.8486029732,0.3410712669,,0.9854,0.478,,,human,Jari Bos,2023-12-18T10:12:22Z,1,,""
93a8ca56-54e9-436e-8d99-3b47adcebf05,8671dba8-f49e-40dc-b304-1cb228d4b52a,2b0acfd7-eedf-42fc-98c3-ea253eaa919c,238145ce-df90-4084-8dfc-a52712884a87,2023-10-23T02:54:36Z,2023-10-23T02:54:36Z,media,animal,"",Capreolus capreolus,1,"","",,2422f50d-48c7-45f0-9031-bea90741fe35,14.1101526136,0.3009250514,,0.9282,0.4956,,,human,Jari Bos,2023-12-18T10:12:22Z,1,,""
2c6ac64d-d938-4c3e-ab90-017a1fef9e84,8671dba8-f49e-40dc-b304-1cb228d4b52a,ef5de39b-9e21-4618-8d99-cadbc183fe42,238145ce-df90-4084-8dfc-a52712884a87,2023-10-23T02:54:37Z,2023-10-23T02:54:37Z,media,animal,"",Capreolus capreolus,1,"","",,2422f50d-48c7-45f0-9031-bea90741fe35,10.225967494,0.2415635532,,0.8438,0.5225,,,human,Jari Bos,2023-12-18T10:12:22Z,1,,""
34f5164b-2442-4d9c-86f6-cba148655075,8671dba8-f49e-40dc-b304-1cb228d4b52a,38440df7-5494-4225-ae41-256f55c420e6,238145ce-df90-4084-8dfc-a52712884a87,2023-10-23T02:54:39Z,2023-10-23T02:54:39Z,media,animal,"",Capreolus capreolus,1,"","",,2422f50d-48c7-45f0-9031-bea90741fe35,8.7334199306,0.2172013199,,0.8091,0.542,,,human,Jari Bos,2023-12-18T10:12:22Z,1,,""
9df688ce-f8c8-4229-86d6-e6ab4c60a68f,8671dba8-f49e-40dc-b304-1cb228d4b52a,c9a4bf50-fd13-4f42-b83f-24f89efbbcd5,238145ce-df90-4084-8dfc-a52712884a87,2023-10-23T02:54:39Z,2023-10-23T02:54:39Z,media,animal,"",Capreolus capreolus,1,"","",,2422f50d-48c7-45f0-9031-bea90741fe35,7.6200288747,0.1863196156,,0.7651,0.5601,,,human,Jari Bos,2023-12-18T10:12:22Z,1,,""
b02ab5fa-7d99-4cd8-8cd0-03a1a320917d,8671dba8-f49e-40dc-b304-1cb228d4b52a,83c25aa8-f319-4604-92fd-403099e6f7bb,238145ce-df90-4084-8dfc-a52712884a87,2023-10-23T02:54:40Z,2023-10-23T02:54:40Z,media,animal,"",Capreolus capreolus,1,"","",,2422f50d-48c7-45f0-9031-bea90741fe35,6.6833896143,0.1423989696,,0.7026,0.5776,,,human,Jari Bos,2023-12-18T10:12:22Z,1,,""
faed3472-dc28-4fcf-ba65-b1b8e830efb3,8671dba8-f49e-40dc-b304-1cb228d4b52a,2a0a2744-9dae-462b-941c-fc7fda4c022d,f4f27524-37d3-4748-b05c-119e32adf25c,2023-10-25T07:37:47Z,2023-10-25T07:37:47Z,media,animal,"",Cervus elaphus,1,adult,male,,2ee521b0-d314-47ce-a559-b7cd9a683a7c,11.8609657197,-0.1180367362,,0.332,0.4199,,,human,Laurens Dijkhuis,2023-12-18T10:13:20Z,1,,broken antler
0e195b02-e89f-4aa4-beee-9b75eb05c46e,8671dba8-f49e-40dc-b304-1cb228d4b52a,55a843ba-05e6-4b21-b356-84c6382b61d2,f4f27524-37d3-4748-b05c-119e32adf25c,2023-10-25T07:37:48Z,2023-10-25T07:37:48Z,media,animal,"",Cervus elaphus,1,adult,male,,2ee521b0-d314-47ce-a559-b7cd9a683a7c,9.6692492125,-0.21788758,,0.1899,0.4258,,,human,Laurens Dijkhuis,2023-12-18T10:13:20Z,1,,broken antler
f79fc2e1-d4d8-4dee-a0e0-c85a8f1812cc,8671dba8-f49e-40dc-b304-1cb228d4b52a,fe215b20-338f-4f54-91fa-bbeaff496c4c,f4f27524-37d3-4748-b05c-119e32adf25c,2023-10-25T07:37:49Z,2023-10-25T07:37:49Z,media,animal,"",Cervus elaphus,1,adult,male,,2ee521b0-d314-47ce-a559-b7cd9a683a7c,8.208798589,-0.2896017598,,0.0879,0.437,,,human,Laurens Dijkhuis,2023-12-18T10:13:20Z,1,,broken antler
624d1d5d-5c30-41be-bb7e-e96bb50dc0e6,8671dba8-f49e-40dc-b304-1cb228d4b52a,ceb6220f-adb1-4669-a4b6-99121e518298,f4f27524-37d3-4748-b05c-119e32adf25c,2023-10-25T07:37:51Z,2023-10-25T07:37:51Z,media,animal,"",Cervus elaphus,1,adult,male,,2ee521b0-d314-47ce-a559-b7cd9a683a7c,5.8931797766,-0.4203343078,,-0.0981,0.479,,,human,Laurens Dijkhuis,2023-12-18T10:13:20Z,1,,broken antler
e05fa485-50f5-4ed6-9d1c-9cffcf43e878,8671dba8-f49e-40dc-b304-1cb228d4b52a,2e255394-dbdc-4b8e-8fc8-51a18652c544,a2d59f5c-3f09-4359-ad0a-8acd302cd32c,2023-11-21T07:34:34Z,2023-11-21T07:34:34Z,media,animal,"",Canis lupus,1,"","",,c7bb7706-c561-4412-b016-43da1648367d,8.4764388043,-0.3091601725,,0.0601,0.4268,,,human,Anouk van der Schaaf,2023-12-18T10:17:24Z,1,,""
d4172e9e-d153-4b62-96e0-7df956514e34,8671dba8-f49e-40dc-b304-1cb228d4b52a,93c2c363-8d1d-48ef-bac2-e8ccc582ea81,a2d59f5c-3f09-4359-ad0a-8acd302cd32c,2023-11-21T07:34:35Z,2023-11-21T07:34:35Z,media,animal,"",Canis lupus,1,"","",,c7bb7706-c561-4412-b016-43da1648367d,9.6375759685,-0.254259365,,0.1382,0.418,,,human,Anouk van der Schaaf,2023-12-18T10:17:24Z,1,,""
9bb64140-508b-4744-8efe-4c3f8f5d8e61,8671dba8-f49e-40dc-b304-1cb228d4b52a,713be52a-6222-40ae-a993-2f4e55af48cc,a2d59f5c-3f09-4359-ad0a-8acd302cd32c,2023-11-21T07:34:36Z,2023-11-21T07:34:36Z,media,animal,"",Canis lupus,1,"","",,c7bb7706-c561-4412-b016-43da1648367d,10.3462089193,-0.2268089612,,0.1772,0.4136,,,human,Anouk van der Schaaf,2023-12-18T10:17:24Z,1,,""
198f0d1c-b455-4511-9bc9-f14e733af94d,8671dba8-f49e-40dc-b304-1cb228d4b52a,972edf0b-43e3-462a-b6f2-11644ea67495,a2d59f5c-3f09-4359-ad0a-8acd302cd32c,2023-11-21T07:34:38Z,2023-11-21T07:34:38Z,media,animal,"",Canis lupus,1,"","",,c7bb7706-c561-4412-b016-43da1648367d,11.6991035272,-0.1811726649,,0.2422,0.4072,,,human,Anouk van der Schaaf,2023-12-18T10:17:24Z,1,,""
8d66fda2-4b5c-4308-bdf7-03afdc280de8,8671dba8-f49e-40dc-b304-1cb228d4b52a,d1cff08c-af58-4896-b589-16231d8ee343,a2d59f5c-3f09-4359-ad0a-8acd302cd32c,2023-11-21T07:34:39Z,2023-11-21T07:34:39Z,media,animal,"",Canis lupus,1,"","",,c7bb7706-c561-4412-b016-43da1648367d,10.7949773818,-0.2089661987,,0.2026,0.4116,,,human,Anouk van der Schaaf,2023-12-18T10:17:24Z,1,,""
b5611885-207d-4f50-8a07-d49d768e2409,8671dba8-f49e-40dc-b304-1cb228d4b52a,d1cff08c-af58-4896-b589-16231d8ee343,a2d59f5c-3f09-4359-ad0a-8acd302cd32c,2023-11-21T07:34:39Z,2023-11-21T07:34:39Z,media,animal,"",Canis lupus,1,"","",,c7bb7706-c561-4412-b016-43da1648367d,10.8849883798,-0.2103387189,,0.2007,0.4102,,,human,Anouk van der Schaaf,2023-12-18T10:17:24Z,1,,""
1fcffc00-d82d-4c0e-acbe-37c2c1d65fbf,8671dba8-f49e-40dc-b304-1cb228d4b52a,fbc38fd4-77b9-49ae-ac48-5dd91f73e3f5,b1b9d1a3-b94e-4ed1-9585-96b17ceb269e,2023-11-21T07:37:57Z,2023-11-21T07:37:57Z,media,animal,"",Canis lupus,1,"","",,c0ea3363-896d-482c-8032-f8f04858cd94,18.5577772984,0.3249441547,,0.9624,0.4756,,,human,Anouk van der Schaaf,2023-12-18T10:17:34Z,1,,""
63988c7e-2bae-476e-b6a5-487123fecba7,8671dba8-f49e-40dc-b304-1cb228d4b52a,40afa243-b71a-47d1-8f98-a9e98b4a9f39,b1b9d1a3-b94e-4ed1-9585-96b17ceb269e,2023-11-21T07:37:59Z,2023-11-21T07:37:59Z,media,animal,"",Canis lupus,1,"","",,c0ea3363-896d-482c-8032-f8f04858cd94,8.1422483301,0.2607788358,,0.8711,0.5645,,,human,Anouk van der Schaaf,2023-12-18T10:17:34Z,1,,""
8e61197b-c689-4246-8ac5-7d47fb90097e,8671dba8-f49e-40dc-b304-1cb228d4b52a,a57ca83a-8105-4ad4-89da-c84bb7af789e,b1b9d1a3-b94e-4ed1-9585-96b17ceb269e,2023-11-21T07:38:00Z,2023-11-21T07:38:00Z,media,animal,"",Canis lupus,1,"","",,c0ea3363-896d-482c-8032-f8f04858cd94,5.8889659829,0.2360734725,,0.8359,0.6294,,,human,Anouk van der Schaaf,2023-12-18T10:17:34Z,1,,""
539ed197-2e47-47b6-8230-4ba562216104,8671dba8-f49e-40dc-b304-1cb228d4b52a,00a61f58-a80f-4bdb-97be-3839ebf87552,b1b9d1a3-b94e-4ed1-9585-96b17ceb269e,2023-11-21T07:38:00Z,2023-11-21T07:38:00Z,media,animal,"",Canis lupus,1,"","",,c0ea3363-896d-482c-8032-f8f04858cd94,5.5217617107,0.3283754551,,0.9673,0.6675,,,human,Anouk van der Schaaf,2023-12-18T10:17:34Z,1,,""
a8ea49e6-8e1a-48e1-a3ba-7b41e450c21b,9840046b-cf75-4ec9-b9ce-fedd44ae488b,fe99e9d4-4a1f-43e6-a1bc-14e12fe9fec3,754f8b8d-506a-4ea9-93f3-2dfa1d587285,2024-11-30T21:28:39Z,2024-11-30T21:28:39Z,media,animal,"",Martes martes,1,"","",,cb617a44-6b8c-41a8-a97c-e8531cb194f4,9.6327580051,0.2422498133,,0.8447,0.4233,,,human,Anouk van der Schaaf,2024-12-21T08:47:20Z,1,,""
0bcc6b2b-4cc4-471e-b907-6380d89240fd,9840046b-cf75-4ec9-b9ce-fedd44ae488b,3ac6be7d-ce30-4065-a3bb-0b5f5a8f67b5,754f8b8d-506a-4ea9-93f3-2dfa1d587285,2024-11-30T21:28:41Z,2024-11-30T21:28:41Z,media,animal,"",Martes martes,1,"","",,cb617a44-6b8c-41a8-a97c-e8531cb194f4,7.8647651258,0.094360763,,0.6343,0.415,,,human,Anouk van der Schaaf,2024-12-21T08:47:20Z,1,,""
11f0dd59-5bbb-4e60-9f87-fd2c5ad8f6c9,9840046b-cf75-4ec9-b9ce-fedd44ae488b,3ac6be7d-ce30-4065-a3bb-0b5f5a8f67b5,754f8b8d-506a-4ea9-93f3-2dfa1d587285,2024-11-30T21:28:41Z,2024-11-30T21:28:41Z,media,animal,"",Martes martes,1,"","",,cb617a44-6b8c-41a8-a97c-e8531cb194f4,7.3233611784,0.0926451127,,0.6318,0.4224,,,human,Anouk van der Schaaf,2024-12-21T08:47:20Z,1,,""
792850ec-8f96-4bf9-bcd0-84bcc01877da,9840046b-cf75-4ec9-b9ce-fedd44ae488b,666f1b1c-44da-4159-81f1-5b96eb129c62,754f8b8d-506a-4ea9-93f3-2dfa1d587285,2024-11-30T21:28:42Z,2024-11-30T21:28:42Z,media,animal,"",Martes martes,1,"","",,cb617a44-6b8c-41a8-a97c-e8531cb194f4,6.8408122773,-0.0504401169,,0.4282,0.4038,,,human,Anouk van der Schaaf,2024-12-21T08:47:20Z,1,,""
d05e6ff3-f6cf-48f9-be4f-bd6c2d3645a1,9840046b-cf75-4ec9-b9ce-fedd44ae488b,fd538ed9-430a-4b0b-8a23-69a10b096441,754f8b8d-506a-4ea9-93f3-2dfa1d587285,2024-11-30T21:28:45Z,2024-11-30T21:28:45Z,media,animal,"",Martes martes,1,"","",,cb617a44-6b8c-41a8-a97c-e8531cb194f4,7.1268945446,-0.2364166025,,0.1636,0.3647,,,human,Anouk van der Schaaf,2024-12-21T08:47:20Z,1,,""
fb34d375-0277-4da2-a5c4-ca89da55ee9b,b57b31c7-5692-4fbc-bdd4-5330f084326e,010e1b30-9836-4233-8473-d229394eed24,255a4edd-0187-4316-bd89-6b7566ae10a7,2022-10-30T04:04:23Z,2022-10-30T04:04:23Z,media,animal,"",Cervus elaphus,1,"","",,94f8830d-cfb8-4049-8f07-2f81976dd4ba,7.68484328,0.1406833193,,0.7002,0.3906,,,human,Laurens Dijkhuis,2022-12-15T13:05:36Z,1,,""
ebb71f41-385d-4574-922f-b844979690e7,b57b31c7-5692-4fbc-bdd4-5330f084326e,8ae93531-f826-4f06-8de7-f346283353d9,255a4edd-0187-4316-bd89-6b7566ae10a7,2022-10-30T04:04:23Z,2022-10-30T04:04:23Z,media,animal,"",Cervus elaphus,1,"","",,94f8830d-cfb8-4049-8f07-2f81976dd4ba,6.7092433022,0.1049977944,,0.6494,0.4072,,,human,Laurens Dijkhuis,2022-12-15T13:05:36Z,1,,""
af4b3528-baac-4702-b434-ea78a35a46ec,b57b31c7-5692-4fbc-bdd4-5330f084326e,adf28e11-6dea-4587-8753-9a60b6dae157,255a4edd-0187-4316-bd89-6b7566ae10a7,2022-10-30T04:04:24Z,2022-10-30T04:04:24Z,media,animal,"",Cervus elaphus,1,"","",,94f8830d-cfb8-4049-8f07-2f81976dd4ba,6.2240440884,0.0415187357,,0.5591,0.4077,,,human,Laurens Dijkhuis,2022-12-15T13:05:36Z,1,,""
59159ca2-2cb9-483d-b047-2fc34f574c9e,b57b31c7-5692-4fbc-bdd4-5330f084326e,3df443cd-a666-4323-adde-184823231ae6,255a4edd-0187-4316-bd89-6b7566ae10a7,2022-10-30T04:04:24Z,2022-10-30T04:04:24Z,media,animal,"",Cervus elaphus,1,"","",,94f8830d-cfb8-4049-8f07-2f81976dd4ba,5.9113479004,-0.0336267446,,0.4521,0.4014,,,human,Laurens Dijkhuis,2022-12-15T13:05:36Z,1,,""
605d9b67-2243-4dfa-84ea-9a2a007d5485,b57b31c7-5692-4fbc-bdd4-5330f084326e,f0785e45-4e2d-4e4e-9389-f983843c4f06,255a4edd-0187-4316-bd89-6b7566ae10a7,2022-10-30T04:04:25Z,2022-10-30T04:04:25Z,media,animal,"",Cervus elaphus,1,"","",,94f8830d-cfb8-4049-8f07-2f81976dd4ba,5.5518520482,-0.1142623057,,0.3374,0.397,,,human,Laurens Dijkhuis,2022-12-15T13:05:36Z,1,,""
908100d3-d8f3-4d92-b37f-3a873630addf,b57b31c7-5692-4fbc-bdd4-5330f084326e,3142c1d9-6d35-4034-a778-bca6ca8eaac7,255a4edd-0187-4316-bd89-6b7566ae10a7,2022-10-30T04:04:26Z,2022-10-30T04:04:26Z,media,animal,"",Cervus elaphus,1,"","",,94f8830d-cfb8-4049-8f07-2f81976dd4ba,5.2538521784,-0.2158287997,,0.1929,0.3867,,,human,Laurens Dijkhuis,2022-12-15T13:05:36Z,1,,""
017e462a-eab9-4ec1-b053-e87dfced63e8,b57b31c7-5692-4fbc-bdd4-5330f084326e,27b5ca71-c7aa-46ea-ad73-fc2b50efe882,255a4edd-0187-4316-bd89-6b7566ae10a7,2022-10-30T04:04:26Z,2022-10-30T04:04:26Z,media,animal,"",Cervus elaphus,1,"","",,94f8830d-cfb8-4049-8f07-2f81976dd4ba,5.2010706362,-0.3208265941,,0.0435,0.3647,,,human,Laurens Dijkhuis,2022-12-15T13:05:36Z,1,,""
a58f4ef2-ff34-4105-a67c-9f02fbc31208,b57b31c7-5692-4fbc-bdd4-5330f084326e,45ad36f3-e96d-4b45-a366-9cbf808dde0c,32e119b3-920b-4c46-9cbb-2ae91840c7db,2022-12-04T02:36:14Z,2022-12-04T02:36:14Z,media,animal,"",Capreolus capreolus,1,"","",,0bf2aaf2-dcf7-46bc-a86b-f931f2d7c1b2,5.7773768991,-0.3777861819,,-0.0376,0.3262,,,human,Patrick Jansen,2022-12-15T12:13:56Z,1,,""
be2dc708-2851-4525-9336-5c6351cc8865,b57b31c7-5692-4fbc-bdd4-5330f084326e,bca5d44c-dfbe-4c95-a8ec-b11beef9c491,76c5d2fc-c21d-438f-89ca-2860a6ddba7c,2022-12-04T05:40:22Z,2022-12-04T05:40:22Z,media,animal,"",Capreolus capreolus,1,"","",,5eedb133-f770-495e-8721-69d648e88981,14.2214328778,0.2189169701,,0.8115,0.3301,,,human,Patrick Jansen,2022-12-15T12:12:27Z,1,,""
d77cfa3d-c946-4c45-ac71-d01977d94bd0,b78f7ddc-6d7f-4c29-8957-f5d78b5d6f38,5909ceb0-69c3-4ff8-83b2-f77335084907,6f505e60-7392-4c45-a59a-b41e6aef7c97,2024-10-14T19:02:30Z,2024-10-14T19:02:30Z,media,animal,"",Capreolus capreolus,1,adult,male,,08c2dfdd-118f-4993-840c-4ca4d49afddc,3.6522663984,-0.3232285044,,0.04,0.5757,,,human,Bart van Rossum,2024-12-20T13:53:14Z,1,,""
2cbe1e97-93b3-4c1f-a48f-b9690de71b05,b78f7ddc-6d7f-4c29-8957-f5d78b5d6f38,d1f61b03-6eeb-49b2-960a-9234f2fb5a25,6f505e60-7392-4c45-a59a-b41e6aef7c97,2024-10-14T19:02:32Z,2024-10-14T19:02:32Z,media,animal,"",Capreolus capreolus,1,adult,male,,08c2dfdd-118f-4993-840c-4ca4d49afddc,4.2514446887,-0.1372520189,,0.3047,0.5503,,,human,Bart van Rossum,2024-12-20T13:53:14Z,1,,""
f9c3e6e9-7b81-4939-8b73-d8c406749639,b78f7ddc-6d7f-4c29-8957-f5d78b5d6f38,2a5d66df-f212-4da3-a7c1-a51f2500776d,6f505e60-7392-4c45-a59a-b41e6aef7c97,2024-10-14T19:02:33Z,2024-10-14T19:02:33Z,media,animal,"",Capreolus capreolus,1,adult,male,,08c2dfdd-118f-4993-840c-4ca4d49afddc,5.4176136931,-0.0041175606,,0.4941,0.5117,,,human,Bart van Rossum,2024-12-20T13:53:14Z,1,,""
30d73436-a936-41fb-adb4-bb389659d515,b78f7ddc-6d7f-4c29-8957-f5d78b5d6f38,d2288a0a-e44d-4294-86be-1b22963cbd0a,6f505e60-7392-4c45-a59a-b41e6aef7c97,2024-10-14T19:02:35Z,2024-10-14T19:02:35Z,media,animal,"",Capreolus capreolus,1,adult,male,,08c2dfdd-118f-4993-840c-4ca4d49afddc,5.6426550748,0.051126377,,0.5728,0.5078,,,human,Bart van Rossum,2024-12-20T13:53:14Z,1,,""
5ee1d955-b093-4f2c-af92-66b8606ec610,b78f7ddc-6d7f-4c29-8957-f5d78b5d6f38,5a495398-dfcf-4a59-9f0d-1232afc5f441,6f505e60-7392-4c45-a59a-b41e6aef7c97,2024-10-14T19:02:47Z,2024-10-14T19:02:47Z,media,animal,"",Capreolus capreolus,1,adult,male,,08c2dfdd-118f-4993-840c-4ca4d49afddc,6.2463265007,-0.1640161625,,0.2666,0.4824,,,human,Bart van Rossum,2024-12-20T13:53:14Z,1,,""
e9dbd845-9c0c-410c-8f5e-c2a3f19e0284,b78f7ddc-6d7f-4c29-8957-f5d78b5d6f38,760f332f-b7bc-41a6-83d0-0e4bec668146,6962b251-17ca-438b-9a23-05f45fcc8649,2024-10-16T04:18:37Z,2024-10-16T04:18:37Z,media,animal,"",Vulpes vulpes,1,"","",,9f865720-c127-4c83-86b7-1265da573437,5.3130004098,0.2161719297,,0.8076,0.5254,,,human,Bart van Rossum,2024-12-21T08:54:17Z,1,,"Remarkable tail, once broken?"
248c801c-8690-403a-8a0a-1ec708ef0ba2,b78f7ddc-6d7f-4c29-8957-f5d78b5d6f38,629e809c-b481-4795-be5f-200daefdca40,6962b251-17ca-438b-9a23-05f45fcc8649,2024-10-16T04:18:38Z,2024-10-16T04:18:38Z,media,animal,"",Vulpes vulpes,1,"","",,9f865720-c127-4c83-86b7-1265da573437,4.5730306275,0.0998508437,,0.6421,0.5469,,,human,Bart van Rossum,2024-12-21T08:54:17Z,1,,"Remarkable tail, once broken?"
b6865ec0-6443-4cfe-b2a4-ae5535981ff4,b78f7ddc-6d7f-4c29-8957-f5d78b5d6f38,aa6a9ce5-a797-4e2b-9389-5461a99dc3a6,6962b251-17ca-438b-9a23-05f45fcc8649,2024-10-16T04:18:40Z,2024-10-16T04:18:40Z,media,animal,"",Vulpes vulpes,1,"","",,9f865720-c127-4c83-86b7-1265da573437,4.0837962367,-0.0398030855,,0.4434,0.5635,,,human,Bart van Rossum,2024-12-21T08:54:17Z,1,,"Remarkable tail, once broken?"
bd96db55-d38d-465a-850b-a9e9e40a168f,b78f7ddc-6d7f-4c29-8957-f5d78b5d6f38,baaf1ec1-bff9-4d31-aefe-d951b56a9f4a,6962b251-17ca-438b-9a23-05f45fcc8649,2024-10-16T04:18:40Z,2024-10-16T04:18:40Z,media,animal,"",Vulpes vulpes,1,"","",,9f865720-c127-4c83-86b7-1265da573437,3.9130570263,-0.167447463,,0.2617,0.5669,,,human,Bart van Rossum,2024-12-21T08:54:17Z,1,,"Remarkable tail, once broken?"
fce253e4-efef-42db-9dcc-498841d01a7f,b78f7ddc-6d7f-4c29-8957-f5d78b5d6f38,b7515649-620c-4982-a69c-6fbd8c2e0017,6962b251-17ca-438b-9a23-05f45fcc8649,2024-10-16T04:18:41Z,2024-10-16T04:18:41Z,media,animal,"",Vulpes vulpes,1,"","",,9f865720-c127-4c83-86b7-1265da573437,3.6118246429,-0.3290617152,,0.0317,0.5781,,,human,Bart van Rossum,2024-12-21T08:54:17Z,1,,"Remarkable tail, once broken?"
f1ccc0fa-0ea5-4c09-89e6-f13711f341cf,b78f7ddc-6d7f-4c29-8957-f5d78b5d6f38,f7228493-3b1c-46f4-919b-a51c82bcfd08,7cac474a-b394-456a-80ac-fc7e79b1a8bf,2024-10-20T22:38:38Z,2024-10-20T22:38:38Z,media,animal,"",Dama dama,1,adult,male,,015b44c3-d219-45c8-930c-9fd1f1031597,8.1525030094,0.2988662711,,0.9253,0.4712,,,human,Anouk van der Schaaf,2024-12-21T09:09:15Z,1,,""
806ac7b7-766c-45a4-831e-444594e40131,b78f7ddc-6d7f-4c29-8957-f5d78b5d6f38,7f40abcc-7c25-47d7-b341-9b74eab9ccd7,7cac474a-b394-456a-80ac-fc7e79b1a8bf,2024-10-20T22:38:39Z,2024-10-20T22:38:39Z,media,animal,"",Dama dama,1,adult,male,,015b44c3-d219-45c8-930c-9fd1f1031597,7.327775649,0.1437714898,,0.7046,0.4761,,,human,Anouk van der Schaaf,2024-12-21T09:09:15Z,1,,""
7b17c6c3-26bf-4a45-ad0e-5b1cc325b818,b78f7ddc-6d7f-4c29-8957-f5d78b5d6f38,8e2b2d8d-d16b-48e7-b6d6-beb7bfefc78f,7cac474a-b394-456a-80ac-fc7e79b1a8bf,2024-10-20T22:38:41Z,2024-10-20T22:38:41Z,media,animal,"",Dama dama,1,adult,male,,015b44c3-d219-45c8-930c-9fd1f1031597,5.7226774494,-0.0260778836,,0.4629,0.502,,,human,Anouk van der Schaaf,2024-12-21T09:09:15Z,1,,""
703e45f3-bc4a-4641-809e-356aff5e573c,b78f7ddc-6d7f-4c29-8957-f5d78b5d6f38,4b879625-49b8-4938-84b3-534ddb2d048d,7cac474a-b394-456a-80ac-fc7e79b1a8bf,2024-10-20T22:38:42Z,2024-10-20T22:38:42Z,media,animal,"",Dama dama,1,adult,male,,015b44c3-d219-45c8-930c-9fd1f1031597,4.7675334443,-0.2274952213,,0.1763,0.5234,,,human,Anouk van der Schaaf,2024-12-21T09:09:15Z,1,,""
e43d46d8-8ef2-4f29-9858-6032db52f9c2,bc231524-71e1-40a3-bd96-47039dbc1a2c,9017d531-2771-40e5-984a-e8e3cf86b37f,1d93c8b7-7f8d-4148-8c07-7fbd3e8cac4c,2022-11-01T18:10:48Z,2022-11-01T18:10:48Z,media,animal,"",Capreolus capreolus,1,"","",,a1623a19-e6b4-4dea-9a75-f4a1b5d89752,17.6106483371,0.2127406292,,0.8027,0.3774,,,human,Patrick Jansen,2022-12-20T08:17:38Z,0.5,,""
be7fda51-ac5d-4080-a4f7-5418628be874,bc231524-71e1-40a3-bd96-47039dbc1a2c,cae85392-c9b6-4ccb-b824-e38765f4c61a,1d93c8b7-7f8d-4148-8c07-7fbd3e8cac4c,2022-11-01T18:10:48Z,2022-11-01T18:10:48Z,media,animal,"",Capreolus capreolus,1,"","",,a1623a19-e6b4-4dea-9a75-f4a1b5d89752,11.0299465326,-0.0120095517,,0.4829,0.4048,,,human,Patrick Jansen,2022-12-20T08:17:38Z,0.5,,""
4169e9f6-309f-4943-8cde-8c0fe27d98fe,bc231524-71e1-40a3-bd96-47039dbc1a2c,ad25b514-cea7-4d9e-a78e-dd7dba4a4cf2,1d93c8b7-7f8d-4148-8c07-7fbd3e8cac4c,2022-11-01T18:10:49Z,2022-11-01T18:10:49Z,media,animal,"",Capreolus capreolus,1,"","",,a1623a19-e6b4-4dea-9a75-f4a1b5d89752,6.94746321,-0.4172461374,,-0.0938,0.4463,,,human,Patrick Jansen,2022-12-20T08:17:38Z,0.5,,""
b670ce1e-39d2-4e05-b363-01b04754a5ac,c06f2be9-83d4-4b29-b7b4-ecf576ea41c1,758376b2-d7fb-40cf-9826-d5a9b499d522,44ca68c9-f2a9-4483-8f93-09e59cd6b879,2024-12-05T02:53:34Z,2024-12-05T02:53:34Z,media,animal,"",Martes martes,1,"","",,433d12e5-62be-4e7e-a0cd-73590ef904f0,5.5023621496,-0.2467105039,,0.1489,0.4385,,,human,Anouk van der Schaaf,2025-01-31T11:52:33Z,1,,""
0b039725-a4ce-4743-b4a1-0856841194e5,c06f2be9-83d4-4b29-b7b4-ecf576ea41c1,9f2a7eed-f12e-45f4-93ec-13c2ad855326,44ca68c9-f2a9-4483-8f93-09e59cd6b879,2024-12-05T02:53:36Z,2024-12-05T02:53:36Z,media,animal,"",Martes martes,1,"","",,433d12e5-62be-4e7e-a0cd-73590ef904f0,8.1181656499,-0.0518126371,,0.4263,0.3804,,,human,Anouk van der Schaaf,2025-01-31T11:52:33Z,1,,""
119097c4-a4d5-4781-8f2f-ffa9184dd3e8,c06f2be9-83d4-4b29-b7b4-ecf576ea41c1,4651a816-e01b-4716-b47e-357294a07bc7,44ca68c9-f2a9-4483-8f93-09e59cd6b879,2024-12-05T02:53:37Z,2024-12-05T02:53:37Z,media,animal,"",Martes martes,1,"","",,433d12e5-62be-4e7e-a0cd-73590ef904f0,8.1905511064,0.0408324756,,0.5581,0.3809,,,human,Anouk van der Schaaf,2025-01-31T11:52:33Z,1,,""
9160a78e-4973-4926-8d0c-5123beeb918c,c06f2be9-83d4-4b29-b7b4-ecf576ea41c1,9c189d64-f01b-431e-b84b-6abdd3fc064d,44ca68c9-f2a9-4483-8f93-09e59cd6b879,2024-12-05T02:53:38Z,2024-12-05T02:53:38Z,media,animal,"",Martes martes,1,"","",,433d12e5-62be-4e7e-a0cd-73590ef904f0,8.2948150652,0.1046546644,,0.6489,0.3804,,,human,Anouk van der Schaaf,2025-01-31T11:52:33Z,1,,""
94ba47c2-4dac-475e-b98d-5330ab6de258,c06f2be9-83d4-4b29-b7b4-ecf576ea41c1,5f91446d-0553-4eca-8e5e-d6d457598a69,44ca68c9-f2a9-4483-8f93-09e59cd6b879,2024-12-05T02:53:39Z,2024-12-05T02:53:39Z,media,animal,"",Martes martes,1,"","",,433d12e5-62be-4e7e-a0cd-73590ef904f0,8.7999698067,0.1571535616,,0.7236,0.374,,,human,Anouk van der Schaaf,2025-01-31T11:52:33Z,1,,""
767cd2af-e5c1-4eed-8cf1-905dcf5c86b6,c06f2be9-83d4-4b29-b7b4-ecf576ea41c1,60b7d133-0126-4cce-9b46-26893a2857ba,44ca68c9-f2a9-4483-8f93-09e59cd6b879,2024-12-05T02:53:40Z,2024-12-05T02:53:40Z,media,animal,"",Martes martes,1,"","",,433d12e5-62be-4e7e-a0cd-73590ef904f0,9.9646105584,0.2010742076,,0.7861,0.3608,,,human,Anouk van der Schaaf,2025-01-31T11:52:33Z,1,,""
421f44be-ffaa-4af0-95e8-eada1ab5729b,ca9f8241-5150-41b7-8ae5-82cad2a67ddf,1a6145d1-24bc-449b-8dd7-b4c3df203550,613c59d5-864b-420b-a988-ce2ea3dee0f0,2022-11-05T01:23:35Z,2022-11-05T01:23:35Z,media,animal,"",Martes martes,1,"","",,7ae86c3d-4e95-4ee1-b099-ed991dcefe34,10.1566827779,0.254602495,,0.8623,0.4043,,,human,Patrick Jansen,2022-12-19T20:39:23Z,1,,""
7cc5504c-c98c-45d9-90a0-6faba6124818,ca9f8241-5150-41b7-8ae5-82cad2a67ddf,318ebfb5-add2-41a5-a278-97c59b2487da,613c59d5-864b-420b-a988-ce2ea3dee0f0,2022-11-05T01:23:36Z,2022-11-05T01:23:36Z,media,animal,"",Martes martes,1,"","",,7ae86c3d-4e95-4ee1-b099-ed991dcefe34,11.6369160961,0.1544085212,,0.7197,0.3955,,,human,Patrick Jansen,2022-12-19T20:39:23Z,1,,""
27267020-b72f-4042-98c8-3026caf57db4,ca9f8241-5150-41b7-8ae5-82cad2a67ddf,b64ff202-f1d6-41eb-a950-21c1304f3c5f,613c59d5-864b-420b-a988-ce2ea3dee0f0,2022-11-05T01:23:36Z,2022-11-05T01:23:36Z,media,animal,"",Martes martes,1,"","",,7ae86c3d-4e95-4ee1-b099-ed991dcefe34,12.0847392858,0.0991645836,,0.6411,0.3936,,,human,Patrick Jansen,2022-12-19T20:39:23Z,1,,""
c17b8218-a3c7-4a87-a861-a31b88bcebdc,ca9f8241-5150-41b7-8ae5-82cad2a67ddf,83ffa287-dd41-483c-b062-6eec99c3dd47,613c59d5-864b-420b-a988-ce2ea3dee0f0,2022-11-05T01:23:37Z,2022-11-05T01:23:37Z,media,animal,"",Martes martes,1,"","",,7ae86c3d-4e95-4ee1-b099-ed991dcefe34,19.0661906165,0.0864687719,,0.623,0.3701,,,human,Patrick Jansen,2022-12-19T20:39:23Z,1,,""
61395ff3-1270-4f86-9e35-de9bd040bf2c,ca9f8241-5150-41b7-8ae5-82cad2a67ddf,4aafefbb-b359-464e-8af5-eae2f5860612,613c59d5-864b-420b-a988-ce2ea3dee0f0,2022-11-05T01:23:38Z,2022-11-05T01:23:38Z,media,animal,"",Martes martes,1,"","",,7ae86c3d-4e95-4ee1-b099-ed991dcefe34,12.3335696281,0.065194709,,0.5928,0.3926,,,human,Patrick Jansen,2022-12-19T20:39:23Z,1,,""
6fe64638-8224-4452-b7e7-0075516a3618,ca9f8241-5150-41b7-8ae5-82cad2a67ddf,906023e8-eba1-4e0b-b164-ef9c67cdf131,613c59d5-864b-420b-a988-ce2ea3dee0f0,2022-11-05T01:23:39Z,2022-11-05T01:23:39Z,media,animal,"",Martes martes,1,"","",,7ae86c3d-4e95-4ee1-b099-ed991dcefe34,12.0714583074,0.0034313005,,0.5049,0.3945,,,human,Patrick Jansen,2022-12-19T20:39:23Z,1,,""
bf6f6514-0645-4b26-9e47-a13a99010473,ca9f8241-5150-41b7-8ae5-82cad2a67ddf,e1cd1802-78e2-407f-9517-0287b1f3c71e,613c59d5-864b-420b-a988-ce2ea3dee0f0,2022-11-05T01:23:39Z,2022-11-05T01:23:39Z,media,animal,"",Martes martes,1,"","",,7ae86c3d-4e95-4ee1-b099-ed991dcefe34,11.0774207891,-0.0566164578,,0.4194,0.4009,,,human,Patrick Jansen,2022-12-19T20:39:23Z,1,,""
dfba5322-ab05-4ebf-8b38-d68b9faed792,ca9f8241-5150-41b7-8ae5-82cad2a67ddf,fca37652-7d77-48d4-a0af-6e1be637037b,613c59d5-864b-420b-a988-ce2ea3dee0f0,2022-11-05T01:23:40Z,2022-11-05T01:23:40Z,media,animal,"",Martes martes,1,"","",,7ae86c3d-4e95-4ee1-b099-ed991dcefe34,10.006612182,-0.0885275522,,0.374,0.4087,,,human,Patrick Jansen,2022-12-19T20:39:23Z,1,,""
616997ef-f9a0-47c5-b093-61a4afb34ffe,ca9f8241-5150-41b7-8ae5-82cad2a67ddf,ce345570-bd4c-4abf-b97b-5eaece087117,613c59d5-864b-420b-a988-ce2ea3dee0f0,2022-11-05T01:23:40Z,2022-11-05T01:23:40Z,media,animal,"",Martes martes,1,"","",,7ae86c3d-4e95-4ee1-b099-ed991dcefe34,10.6707963837,-0.1351932386,,0.3076,0.4043,,,human,Patrick Jansen,2022-12-19T20:39:23Z,1,,""
bee9c1da-c3c7-4ffb-b3db-d1b6abf338d0,ca9f8241-5150-41b7-8ae5-82cad2a67ddf,bc9e2686-6f9f-419c-9d1c-ca148beffa60,d99201a7-c210-44b8-b253-d8871185a051,2022-11-05T03:04:33Z,2022-11-05T03:04:33Z,media,animal,"",Martes martes,1,"","",,93345cd6-9a14-4a28-9064-e4abe2fc8ca7,6.5698977201,0.2333284321,,0.832,0.4463,,,human,Patrick Jansen,2022-12-19T20:40:12Z,1,,""
65f519d3-de8a-474a-a888-fe7be07acf52,ca9f8241-5150-41b7-8ae5-82cad2a67ddf,92be90c1-b04c-4b37-aa91-be7becf1184c,d99201a7-c210-44b8-b253-d8871185a051,2022-11-05T03:04:33Z,2022-11-05T03:04:33Z,media,animal,"",Martes martes,1,"","",,93345cd6-9a14-4a28-9064-e4abe2fc8ca7,5.9599801196,0.0682828794,,0.5972,0.46,,,human,Patrick Jansen,2022-12-19T20:40:12Z,1,,""
dba0e2e5-f903-4555-a2bf-b237c98fdf13,ca9f8241-5150-41b7-8ae5-82cad2a67ddf,1efc3323-6277-4e6f-89cd-4fd771737c87,d99201a7-c210-44b8-b253-d8871185a051,2022-11-05T03:04:34Z,2022-11-05T03:04:34Z,media,animal,"",Martes martes,1,"","",,93345cd6-9a14-4a28-9064-e4abe2fc8ca7,5.1979277685,-0.0778905207,,0.3892,0.4805,,,human,Patrick Jansen,2022-12-19T20:40:12Z,1,,""
85d7d716-39fc-45f5-b002-85eb302f619f,ca9f8241-5150-41b7-8ae5-82cad2a67ddf,32bf9f7f-ef20-4873-af21-2b4381e56a8a,d99201a7-c210-44b8-b253-d8871185a051,2022-11-05T03:04:34Z,2022-11-05T03:04:34Z,media,animal,"",Martes martes,1,"","",,93345cd6-9a14-4a28-9064-e4abe2fc8ca7,6.6569368755,-0.239847903,,0.1587,0.4492,,,human,Patrick Jansen,2022-12-19T20:40:12Z,1,,""
8c04dd13-cbb0-4167-b234-19aae2075b5f,ca9f8241-5150-41b7-8ae5-82cad2a67ddf,9b45fe42-3cdd-4107-b07f-875df6b0a92b,d99201a7-c210-44b8-b253-d8871185a051,2022-11-05T03:04:35Z,2022-11-05T03:04:35Z,media,animal,"",Martes martes,1,"","",,93345cd6-9a14-4a28-9064-e4abe2fc8ca7,7.9394110785,-0.4275400388,,-0.1084,0.4321,,,human,Patrick Jansen,2022-12-19T20:40:12Z,1,,""
77da4b1a-0e94-49ea-96db-9f2d19ef327a,ca9f8241-5150-41b7-8ae5-82cad2a67ddf,258dd360-e327-418f-81d8-284d158cbfbf,c6385e59-f1d7-4607-8015-e80b5aa2e388,2022-11-11T23:08:31Z,2022-11-11T23:08:31Z,media,animal,"",Sus scrofa,1,"","",,ccfed31d-8ebe-477e-abbc-e918f625385e,18.9371345842,0.167447463,,0.7383,0.3696,,,human,Yorick Liefting,2022-12-14T15:22:28Z,1,,""
23954e25-08f5-4d7b-ac22-179b24223c28,ca9f8241-5150-41b7-8ae5-82cad2a67ddf,19a5c557-5743-4635-9683-e921d3a5466e,c6385e59-f1d7-4607-8015-e80b5aa2e388,2022-11-11T23:08:31Z,2022-11-11T23:08:31Z,media,animal,"",Sus scrofa,1,"","",,ccfed31d-8ebe-477e-abbc-e918f625385e,34.1792246262,0.0902432024,,0.6284,0.3521,,,human,Yorick Liefting,2022-12-14T15:22:28Z,1,,""
e4884b7d-d5c3-4cb8-afbd-3a1fbd8f79c7,ca9f8241-5150-41b7-8ae5-82cad2a67ddf,2055d2b2-9332-4ef6-a514-bb5260f026ce,c6385e59-f1d7-4607-8015-e80b5aa2e388,2022-11-11T23:08:32Z,2022-11-11T23:08:32Z,media,animal,"",Sus scrofa,1,"","",,ccfed31d-8ebe-477e-abbc-e918f625385e,40.4309473832,0.0281366639,,0.54,0.3491,,,human,Yorick Liefting,2022-12-14T15:22:28Z,1,,""
2be05dda-a9ca-4657-8af1-27df469c7bcf,ca9f8241-5150-41b7-8ae5-82cad2a67ddf,3f18a328-c291-46ba-8cd2-2464e3452757,c6385e59-f1d7-4607-8015-e80b5aa2e388,2022-11-11T23:08:33Z,2022-11-11T23:08:33Z,media,animal,"",Sus scrofa,1,"","",,ccfed31d-8ebe-477e-abbc-e918f625385e,31.4484408679,-0.0106370315,,0.4849,0.355,,,human,Yorick Liefting,2022-12-14T15:22:28Z,1,,""
2b3a568b-c03a-4c52-b638-8f890b77fd0e,ca9f8241-5150-41b7-8ae5-82cad2a67ddf,e19be8d3-b208-485a-ba96-4355442dbd89,c6385e59-f1d7-4607-8015-e80b5aa2e388,2022-11-11T23:08:33Z,2022-11-11T23:08:33Z,media,animal,"",Sus scrofa,1,"","",,ccfed31d-8ebe-477e-abbc-e918f625385e,38.8426392806,-0.043577516,,0.438,0.3506,,,human,Yorick Liefting,2022-12-14T15:22:28Z,1,,""
af6eb074-6192-4b06-9856-99543cae064e,ca9f8241-5150-41b7-8ae5-82cad2a67ddf,afaeb148-0516-4d6d-86f3-f22519260b1e,c6385e59-f1d7-4607-8015-e80b5aa2e388,2022-11-11T23:08:34Z,2022-11-11T23:08:34Z,media,animal,"",Sus scrofa,1,"","",,ccfed31d-8ebe-477e-abbc-e918f625385e,119.4088278801,-0.0775473907,,0.3896,0.3374,,,human,Yorick Liefting,2022-12-14T15:22:28Z,1,,""
73d41ea6-edaf-4383-9539-b6f7d48135ce,ca9f8241-5150-41b7-8ae5-82cad2a67ddf,6cc0ef64-663c-4ff7-a48e-8eaa7c286a47,fd5ace6e-5fe7-44f0-922d-9a62d3e34c4e,2022-12-04T03:34:30Z,2022-12-04T03:34:30Z,media,animal,"",Canis lupus,1,"","",,08d30b9a-8fdb-4893-b913-684d4310f1cd,55.2615953291,-0.0528420273,,0.4248,0.3447,,,human,Yorick Liefting,2022-12-19T17:45:20Z,1,,""
38c7801c-421b-4042-9e79-a7b70b420d95,ca9f8241-5150-41b7-8ae5-82cad2a67ddf,006d706f-d2e9-4e28-882d-6ece31122f6d,fd5ace6e-5fe7-44f0-922d-9a62d3e34c4e,2022-12-04T03:34:31Z,2022-12-04T03:34:31Z,media,animal,"",Canis lupus,1,"","",,08d30b9a-8fdb-4893-b913-684d4310f1cd,38.9779407938,0.0006862601,,0.501,0.3501,,,human,Yorick Liefting,2022-12-19T17:45:20Z,1,,""
22f31a59-207d-4f24-8c8c-12a888532048,ca9f8241-5150-41b7-8ae5-82cad2a67ddf,d3f40d6f-a0b0-48f4-b6f6-27d4d712a4bb,fd5ace6e-5fe7-44f0-922d-9a62d3e34c4e,2022-12-04T03:34:32Z,2022-12-04T03:34:32Z,media,animal,"",Canis lupus,1,"","",,08d30b9a-8fdb-4893-b913-684d4310f1cd,33.9591778393,0.0542145475,,0.5771,0.3525,,,human,Yorick Liefting,2022-12-19T17:45:20Z,1,,""
4ecd1f41-33e1-4338-9282-ea13ca3ef40e,ca9f8241-5150-41b7-8ae5-82cad2a67ddf,0f7bc750-0847-4f03-9bb7-8f9cac286567,fd5ace6e-5fe7-44f0-922d-9a62d3e34c4e,2022-12-04T03:34:32Z,2022-12-04T03:34:32Z,media,animal,"",Canis lupus,1,"","",,08d30b9a-8fdb-4893-b913-684d4310f1cd,41.1168034465,0.0974489334,,0.6387,0.3481,,,human,Yorick Liefting,2022-12-19T17:45:20Z,1,,""
9c0bf946-b3f6-4c89-9667-39dde2c0786a,ca9f8241-5150-41b7-8ae5-82cad2a67ddf,75979582-eeb2-4767-b5a3-7a85353841b2,fd5ace6e-5fe7-44f0-922d-9a62d3e34c4e,2022-12-04T03:34:33Z,2022-12-04T03:34:33Z,media,animal,"",Canis lupus,1,"","",,08d30b9a-8fdb-4893-b913-684d4310f1cd,27.716917754,0.1863196156,,0.7651,0.3564,,,human,Yorick Liefting,2022-12-19T17:45:20Z,1,,""
580eafd2-174c-4076-a1df-a49737c51f88,ca9f8241-5150-41b7-8ae5-82cad2a67ddf,18c0b7bc-8b82-4f33-a8bc-8c79280b0b8f,fd5ace6e-5fe7-44f0-922d-9a62d3e34c4e,2022-12-04T03:34:33Z,2022-12-04T03:34:33Z,media,animal,"",Canis lupus,1,"","",,08d30b9a-8fdb-4893-b913-684d4310f1cd,28.307306395,0.2793078584,,0.8975,0.355,,,human,Yorick Liefting,2022-12-19T17:45:20Z,1,,""
18ce81ce-44f8-4cc4-8f6e-7c532043e7a4,ca9f8241-5150-41b7-8ae5-82cad2a67ddf,8e7eafc2-e23e-4de2-9b92-a5fc4dd73807,fd5ace6e-5fe7-44f0-922d-9a62d3e34c4e,2022-12-04T03:33:04Z,2022-12-04T03:33:04Z,media,animal,"",Capreolus capreolus,1,"","",,37a73f17-0165-4457-ad9a-fdfebe9f4a83,22.1424248646,0.0037744305,,0.5054,0.3652,,,human,Patrick Jansen,2022-12-15T12:13:16Z,1,,Chased by two wolves
bf762bb8-99b4-432c-a008-e1187d64dbe0,ca9f8241-5150-41b7-8ae5-82cad2a67ddf,c2f2c1d9-caf1-47d6-9227-260ff7a24190,fd5ace6e-5fe7-44f0-922d-9a62d3e34c4e,2022-12-04T03:33:04Z,2022-12-04T03:33:04Z,media,animal,"",Capreolus capreolus,1,"","",,37a73f17-0165-4457-ad9a-fdfebe9f4a83,46.865207341,0.1619573823,,0.7305,0.3452,,,human,Patrick Jansen,2022-12-15T12:13:16Z,1,,Chased by two wolves
07940821-4610-4f75-ae4c-4e20096ccab1,ce0af402-58c4-48c6-b7b5-de6a5b8904e7,6c923301-20b3-48bb-ae6e-9ec7214f0ea5,e7672f08-ded8-4df4-9c1a-9ad52fa0403e,2024-12-16T21:01:58Z,2024-12-16T21:01:58Z,media,animal,"",Sus scrofa,1,"","",,81a72517-396e-48b3-83e0-654c3ae72cc4,12.3988281434,0.2871998495,,0.9087,0.5029,,,human,Anouk van der Schaaf,2024-12-20T13:23:00Z,1,,""
95a3b380-e101-4305-a85a-df22b1d8a5b3,ce0af402-58c4-48c6-b7b5-de6a5b8904e7,dd1a159f-92f5-41f1-9512-0fba9493c217,e7672f08-ded8-4df4-9c1a-9ad52fa0403e,2024-12-16T21:01:59Z,2024-12-16T21:01:59Z,media,animal,"",Sus scrofa,1,"","",,81a72517-396e-48b3-83e0-654c3ae72cc4,12.8573423286,0.1924959565,,0.7739,0.4863,,,human,Anouk van der Schaaf,2024-12-20T13:23:00Z,1,,""
1b2abe5d-7b38-4ef7-a48a-886398d8ecde,ce0af402-58c4-48c6-b7b5-de6a5b8904e7,dd1a159f-92f5-41f1-9512-0fba9493c217,e7672f08-ded8-4df4-9c1a-9ad52fa0403e,2024-12-16T21:01:59Z,2024-12-16T21:01:59Z,media,animal,"",Sus scrofa,1,"","",,81a72517-396e-48b3-83e0-654c3ae72cc4,13.149193004,0.1911234363,,0.772,0.4839,,,human,Anouk van der Schaaf,2024-12-20T13:23:00Z,1,,""
1013854a-6c30-4347-9ba2-0e2fa5fdbe9c,ce0af402-58c4-48c6-b7b5-de6a5b8904e7,b254087c-aa87-43a8-821e-b67e49938839,e7672f08-ded8-4df4-9c1a-9ad52fa0403e,2024-12-16T21:02:02Z,2024-12-16T21:02:02Z,media,animal,"",Sus scrofa,1,"","",,81a72517-396e-48b3-83e0-654c3ae72cc4,10.872146576,-0.0343130047,,0.4512,0.4741,,,human,Anouk van der Schaaf,2024-12-20T13:23:00Z,1,,""
f9ff6e1c-ff57-47a0-9c34-107927a3ec71,ce0af402-58c4-48c6-b7b5-de6a5b8904e7,0a6e3f30-6cbe-4cc2-9133-d4ac6f2677ee,e7672f08-ded8-4df4-9c1a-9ad52fa0403e,2024-12-16T21:02:03Z,2024-12-16T21:02:03Z,media,animal,"",Sus scrofa,1,"","",,81a72517-396e-48b3-83e0-654c3ae72cc4,10.4452287374,-0.0885275522,,0.374,0.4717,,,human,Anouk van der Schaaf,2024-12-20T13:23:00Z,1,,""
0d9fc593-4727-45c0-8d35-d1fd623cfbec,ee823a3d-a44b-436a-a036-9604b6de6f77,5d7a03c4-3aa9-4e36-a1f0-4082086e146c,f6ec281a-5d25-478d-8d9e-6d050ff777e0,2023-10-26T21:48:02Z,2023-10-26T21:48:02Z,media,animal,"",Cervus elaphus,1,adult,male,,fc3a4cb1-da13-4243-a99e-9327721ea444,13.5305606629,-0.0971058033,,0.3618,0.3838,,,human,Laurens Dijkhuis,2023-12-19T21:11:51Z,1,,Afgebroken stang
4be9404b-eec5-4c8a-b3ee-0d9e1a4a5fbc,ee823a3d-a44b-436a-a036-9604b6de6f77,3fa5227b-4f08-4b2d-a72d-a82a1f4626a9,f6ec281a-5d25-478d-8d9e-6d050ff777e0,2023-10-26T21:48:07Z,2023-10-26T21:48:07Z,media,animal,"",Cervus elaphus,1,adult,male,,fc3a4cb1-da13-4243-a99e-9327721ea444,15.1281624568,-0.0765180005,,0.3911,0.3809,,,human,Laurens Dijkhuis,2023-12-19T21:11:51Z,1,,Afgebroken stang
cd1d0811-01cf-405f-95ad-0be7164d2186,ee823a3d-a44b-436a-a036-9604b6de6f77,97417bb7-7faa-4ee0-a8a9-6ffc6875847d,f6ec281a-5d25-478d-8d9e-6d050ff777e0,2023-10-26T21:48:10Z,2023-10-26T21:48:10Z,media,animal,"",Cervus elaphus,1,adult,male,,fc3a4cb1-da13-4243-a99e-9327721ea444,13.4791187553,0.0188721526,,0.5269,0.3979,,,human,Laurens Dijkhuis,2023-12-19T21:11:51Z,1,,Afgebroken stang
5f828a0d-3dcf-4cfb-af5c-d455b4cc3b72,ee823a3d-a44b-436a-a036-9604b6de6f77,0f8d6a12-40df-4ce4-826f-d6425c3090e3,f6ec281a-5d25-478d-8d9e-6d050ff777e0,2023-10-26T21:48:11Z,2023-10-26T21:48:11Z,media,animal,"",Cervus elaphus,1,adult,male,,fc3a4cb1-da13-4243-a99e-9327721ea444,11.944156458,0.1221542968,,0.6738,0.417,,,human,Laurens Dijkhuis,2023-12-19T21:11:51Z,1,,Afgebroken stang
fd9ccc13-6e15-4737-af55-c1454e1dec59,ee823a3d-a44b-436a-a036-9604b6de6f77,7ea50b8c-96af-40ab-8860-84cb02616050,f6ec281a-5d25-478d-8d9e-6d050ff777e0,2023-10-26T21:48:13Z,2023-10-26T21:48:13Z,media,animal,"",Cervus elaphus,1,adult,male,,fc3a4cb1-da13-4243-a99e-9327721ea444,8.7457505168,0.2460242438,,0.8501,0.4531,,,human,Laurens Dijkhuis,2023-12-19T21:11:51Z,1,,Afgebroken stang
a502faae-2da8-4451-a8a2-bf04e029d9cd,ee823a3d-a44b-436a-a036-9604b6de6f77,f2d30fa4-d437-478f-ba74-f3ba3202db5d,f6ec281a-5d25-478d-8d9e-6d050ff777e0,2023-10-26T21:48:14Z,2023-10-26T21:48:14Z,media,animal,"",Cervus elaphus,1,adult,male,,fc3a4cb1-da13-4243-a99e-9327721ea444,6.737002147,0.4553335726,,1.1479,0.502,,,human,Laurens Dijkhuis,2023-12-19T21:11:51Z,1,,Afgebroken stang
d35245d1-ed6c-4012-8f77-f13342fa1d7d,ee823a3d-a44b-436a-a036-9604b6de6f77,31b07987-5d4f-4a2a-b4ea-7fabac93b98e,afa9480d-bea7-4107-be17-990c92d34c6c,2023-10-29T07:50:10Z,2023-10-29T07:50:10Z,media,animal,"",Cervus elaphus,1,adult,female,,511fc24e-9e85-48e3-998d-df4f6d798ae0,14.5885693276,0.1770551043,,0.752,0.4131,,,human,Laurens Dijkhuis,2023-12-19T21:12:15Z,1,,""
d428ec66-0ab0-4c13-8f2b-19a31d0fdbba,ee823a3d-a44b-436a-a036-9604b6de6f77,9048a040-b30e-4a16-b7f6-c859b0036ef2,afa9480d-bea7-4107-be17-990c92d34c6c,2023-10-29T07:50:11Z,2023-10-29T07:50:11Z,media,animal,"",Cervus elaphus,1,adult,female,,511fc24e-9e85-48e3-998d-df4f6d798ae0,15.4189214681,0.0401462155,,0.5571,0.394,,,human,Laurens Dijkhuis,2023-12-19T21:12:15Z,1,,""
395a0961-3ef1-4717-acfa-dab885087624,ee823a3d-a44b-436a-a036-9604b6de6f77,80c17cb5-2c33-4b7d-a11d-fa6a5dae8cb1,afa9480d-bea7-4107-be17-990c92d34c6c,2023-10-29T07:50:12Z,2023-10-29T07:50:12Z,media,animal,"",Cervus elaphus,1,adult,female,,511fc24e-9e85-48e3-998d-df4f6d798ae0,14.0168063367,-0.0823512113,,0.3828,0.3838,,,human,Laurens Dijkhuis,2023-12-19T21:12:15Z,1,,""
52e161d6-ca61-42f5-a78a-230d30e1e02b,ee823a3d-a44b-436a-a036-9604b6de6f77,7c807be6-361b-45a9-9977-166ad8a040a1,afa9480d-bea7-4107-be17-990c92d34c6c,2023-10-29T07:50:14Z,2023-10-29T07:50:14Z,media,animal,"",Cervus elaphus,1,adult,female,,511fc24e-9e85-48e3-998d-df4f6d798ae0,13.8641493087,-0.2247501809,,0.1802,0.3672,,,human,Laurens Dijkhuis,2023-12-19T21:12:15Z,1,,""
0f337e6a-7a68-4f25-bf78-ef047ee9fc01,ee823a3d-a44b-436a-a036-9604b6de6f77,a3732baf-48ca-4c69-81e1-0c268abb3ff9,afa9480d-bea7-4107-be17-990c92d34c6c,2023-10-29T07:50:15Z,2023-10-29T07:50:15Z,media,animal,"",Cervus elaphus,1,adult,female,,511fc24e-9e85-48e3-998d-df4f6d798ae0,13.538673115,-0.392883904,,-0.0591,0.3481,,,human,Laurens Dijkhuis,2023-12-19T21:12:15Z,1,,""
b4f9bcd0-5488-4b43-b0ce-22696648d60f,ee823a3d-a44b-436a-a036-9604b6de6f77,d6c52e99-d2ca-4675-a458-57490fd938b4,f4d31db0-eced-4c2c-bf29-715e4cef3ce6,2023-10-31T18:59:39Z,2023-10-31T18:59:39Z,media,animal,"",Capreolus capreolus,1,adult,male,,da2f3099-82a9-4fd6-9f7a-a77605f2c927,16.5148753914,-0.109458485,,0.3442,0.373,,,human,Jari Bos,2023-12-19T21:12:38Z,1,,""
389ff7f8-ffdc-4e2a-9353-bca27d5a3cc5,ee823a3d-a44b-436a-a036-9604b6de6f77,fc150998-a478-4598-a013-0e2d4ce831a7,f4d31db0-eced-4c2c-bf29-715e4cef3ce6,2023-10-31T18:59:41Z,2023-10-31T18:59:41Z,media,animal,"",Capreolus capreolus,1,adult,male,,da2f3099-82a9-4fd6-9f7a-a77605f2c927,14.5633747392,-0.0912725925,,0.3701,0.3809,,,human,Jari Bos,2023-12-19T21:12:38Z,1,,""
59de9bd3-0dcb-4147-ab53-1468efaf0876,ee823a3d-a44b-436a-a036-9604b6de6f77,9a481411-0a6b-4363-b56f-eb8e23ca1f9f,f4d31db0-eced-4c2c-bf29-715e4cef3ce6,2023-10-31T18:59:42Z,2023-10-31T18:59:42Z,media,animal,"",Capreolus capreolus,1,adult,male,,da2f3099-82a9-4fd6-9f7a-a77605f2c927,9.1373570088,-0.0785767808,,0.3882,0.4106,,,human,Jari Bos,2023-12-19T21:12:38Z,1,,""
75650b04-2516-44f6-b80d-dfe515b3e100,ee823a3d-a44b-436a-a036-9604b6de6f77,f9dcc0ae-d02b-466d-923e-118688b082ef,f4d31db0-eced-4c2c-bf29-715e4cef3ce6,2023-10-31T18:59:44Z,2023-10-31T18:59:44Z,media,animal,"",Capreolus capreolus,1,adult,male,,da2f3099-82a9-4fd6-9f7a-a77605f2c927,7.3788571234,-0.0826943414,,0.3823,0.4282,,,human,Jari Bos,2023-12-19T21:12:38Z,1,,""
31e9ff43-21c2-45ac-a966-5e7be63c2048,ee823a3d-a44b-436a-a036-9604b6de6f77,3d146413-5b47-40aa-99f9-46c5a63748b8,f4d31db0-eced-4c2c-bf29-715e4cef3ce6,2023-10-31T18:59:46Z,2023-10-31T18:59:46Z,media,animal,"",Capreolus capreolus,1,adult,male,,da2f3099-82a9-4fd6-9f7a-a77605f2c927,4.0975374775,-0.0665672292,,0.4053,0.5054,,,human,Jari Bos,2023-12-19T21:12:38Z,1,,""
3605e129-82cc-40e1-935a-8c03f5503c88,ee823a3d-a44b-436a-a036-9604b6de6f77,89d865b8-da5a-44d7-b7b4-981627f9c3c6,96674e4e-fb91-4385-a473-d5456f051486,2023-11-01T19:00:32Z,2023-11-01T19:00:32Z,media,animal,"",Martes martes,1,adult,"",,743e7133-4299-4b14-ba9b-a557a7ea4e3c,13.3581169517,-0.0133820718,,0.481,0.3945,,,human,Anouk van der Schaaf,2023-12-19T21:13:30Z,1,,""
8151dc16-a5ff-423c-a6a2-84c8403bb7e4,ee823a3d-a44b-436a-a036-9604b6de6f77,3e13b8e3-8ea3-47e4-a005-5d4e5c049216,96674e4e-fb91-4385-a473-d5456f051486,2023-11-01T19:00:33Z,2023-11-01T19:00:33Z,media,animal,"",Martes martes,1,adult,"",,743e7133-4299-4b14-ba9b-a557a7ea4e3c,14.0993204265,-0.2583769255,,0.1323,0.3623,,,human,Anouk van der Schaaf,2023-12-19T21:13:30Z,1,,""
bdaf758c-f2af-4da5-89f4-53b64bd96327,fc8d0f9f-55b2-4c29-bc6c-73201e63e19d,7943b5d1-5fb0-4de7-83ca-a490d45c8e48,85445fcd-515c-406c-b327-c24f23b62115,2022-11-19T21:06:30Z,2022-11-19T21:06:30Z,media,animal,"",Sus scrofa,1,"","",,c06d27e2-f645-4833-b248-5b1ec1216d9b,6.9178624248,-0.3396987467,,0.0166,0.4575,,,human,Yorick Liefting,2022-12-14T16:20:50Z,1,,""
32610f25-a97d-4dc6-975a-212ece83715c,fc8d0f9f-55b2-4c29-bc6c-73201e63e19d,a367cb0b-a4a4-4c08-821b-8591ba883182,85445fcd-515c-406c-b327-c24f23b62115,2022-11-19T21:06:31Z,2022-11-19T21:06:31Z,media,animal,"",Sus scrofa,1,"","",,c06d27e2-f645-4833-b248-5b1ec1216d9b,9.273007192,-0.2093093288,,0.2021,0.4272,,,human,Yorick Liefting,2022-12-14T16:20:50Z,1,,""
ac8db753-2b67-44af-aad5-995915182409,fc8d0f9f-55b2-4c29-bc6c-73201e63e19d,c4d20bea-a0eb-4049-bb3f-53780d9006c8,85445fcd-515c-406c-b327-c24f23b62115,2022-11-19T21:06:31Z,2022-11-19T21:06:31Z,media,animal,"",Sus scrofa,1,"","",,c06d27e2-f645-4833-b248-5b1ec1216d9b,24.1892205874,-0.0905863325,,0.3711,0.3774,,,human,Yorick Liefting,2022-12-14T16:20:50Z,1,,""
603376b7-1ef1-4840-94b8-5de9bca3c101,fc8d0f9f-55b2-4c29-bc6c-73201e63e19d,74a2b023-ebea-4028-b165-f0660c1c22d0,85445fcd-515c-406c-b327-c24f23b62115,2022-11-19T21:06:32Z,2022-11-19T21:06:32Z,media,animal,"",Sus scrofa,1,"","",,c06d27e2-f645-4833-b248-5b1ec1216d9b,13.6441813876,0.0006862601,,0.501,0.395,,,human,Yorick Liefting,2022-12-14T16:20:50Z,1,,""
8a448c28-e269-4e05-bc2f-63bd0a7a6e18,fc8d0f9f-55b2-4c29-bc6c-73201e63e19d,a9e2fed7-4221-47d6-a1d7-c3cdeeeaa177,85445fcd-515c-406c-b327-c24f23b62115,2022-11-19T21:06:33Z,2022-11-19T21:06:33Z,media,animal,"",Sus scrofa,1,"","",,c06d27e2-f645-4833-b248-5b1ec1216d9b,14.5507653937,0.0772042606,,0.6099,0.3887,,,human,Yorick Liefting,2022-12-14T16:20:50Z,1,,""
5ba9cc4d-ef89-4654-a63d-e90420e778a6,fc8d0f9f-55b2-4c29-bc6c-73201e63e19d,874b1d0a-2c55-4223-8cf4-2a07b64aa418,85445fcd-515c-406c-b327-c24f23b62115,2022-11-19T21:06:33Z,2022-11-19T21:06:33Z,media,animal,"",Sus scrofa,1,"","",,c06d27e2-f645-4833-b248-5b1ec1216d9b,22.521686839,0.1513203508,,0.7153,0.3691,,,human,Yorick Liefting,2022-12-14T16:20:50Z,1,,""
0d460e00-449a-455e-9ec9-dda2a925dc5e,fc8d0f9f-55b2-4c29-bc6c-73201e63e19d,44144c57-a440-44ba-85d4-472ef6784bd3,85445fcd-515c-406c-b327-c24f23b62115,2022-11-19T21:06:34Z,2022-11-19T21:06:34Z,media,animal,"",Sus scrofa,1,"","",,c06d27e2-f645-4833-b248-5b1ec1216d9b,30.0446626451,0.2161719297,,0.8076,0.3589,,,human,Yorick Liefting,2022-12-14T16:20:50Z,1,,""
2cb8f5ca-3b74-4645-ac87-546d0c0544da,fc8d0f9f-55b2-4c29-bc6c-73201e63e19d,390a5825-e206-49c3-8f35-d174a20125c1,85445fcd-515c-406c-b327-c24f23b62115,2022-11-19T21:06:34Z,2022-11-19T21:06:34Z,media,animal,"",Sus scrofa,1,"","",,c06d27e2-f645-4833-b248-5b1ec1216d9b,,0.2556318851,,0.8638,0.333,,,human,Yorick Liefting,2022-12-14T16:20:50Z,1,,""
